{
    "providers": [
        {
            "type": "bitmap",
            "file": "sipilus:shamanism/spiritfraga.png",
            "ascent": 12,
            "height": 12,
            "chars": ["\uE000"]
        },
        {
            "type": "bitmap",
            "file": "sipilus:shamanism/spiritherb.png",
            "ascent": 20,
            "height": 20,
            "chars": ["\uE001"]
        },
        {
            "type": "bitmap",
            "file": "sipilus:shamanism/spiritmushroom.png",
            "ascent": 20,
            "height": 20,
            "chars": ["\uE002"]
        },
        {
            "type": "bitmap",
            "file": "sipilus:shamanism/primal_crafting_recipe.png",
            "ascent": 32,
            "height": 90,
            "chars": ["\uE003"]
        },
        {
            "type": "bitmap",
            "file": "sipilus:shamanism/dreamcatcher_recipe.png",
            "ascent": 32,
            "height": 90,
            "chars": ["\uE005"]
        },
        {
            "type": "bitmap",
            "file": "sipilus:shamanism/altar_top.png",
            "ascent": 20,
            "height": 20,
            "chars": ["\uE006"]
        },
        {
            "type": "bitmap",
            "file": "sipilus:shamanism/primal_table_top.png",
            "ascent": 20,
            "height": 20,
            "chars": ["\uE008"]
        },
        {
            "type": "bitmap",
            "file": "sipilus:shamanism/companion_charm.png",
            "ascent": 20,
            "height": 20,
            "chars": ["\uE009"]
        },
        {
            "type": "bitmap",
            "file": "sipilus:shamanism/volley_charm.png",
            "ascent": 20,
            "height": 20,
            "chars": ["\uE00A"]
        },
        {
            "type": "bitmap",
            "file": "sipilus:shamanism/venom_charm.png",
            "ascent": 20,
            "height": 20,
            "chars": ["\uE00B"]
        },
        {
            "type": "bitmap",
            "file": "sipilus:shamanism/flame_charm.png",
            "ascent": 20,
            "height": 20,
            "chars": ["\uE00C"]
        },
        {
            "type": "bitmap",
            "file": "sipilus:shamanism/warp_charm.png",
            "ascent": 20,
            "height": 20,
            "chars": ["\uE00D"]
        },
        {
            "type": "bitmap",
            "file": "sipilus:shamanism/macahuitl_recipe.png",
            "ascent": 32,
            "height": 90,
            "chars": ["\uE00E"]
        },
        {
            "type": "bitmap",
            "file": "sipilus:shamanism/primal_crafting_grid.png",
            "ascent": 32,
            "height": 90,
            "chars": ["\uE00F"]
        },
        {
            "type": "bitmap",
            "file": "sipilus:shamanism/hood_recipe.png",
            "ascent": 32,
            "height": 90,
            "chars": ["\uE010"]
        },
        {
            "type": "bitmap",
            "file": "sipilus:shamanism/chest_recipe.png",
            "ascent": 32,
            "height": 90,
            "chars": ["\uE011"]
        },
        {
            "type": "bitmap",
            "file": "sipilus:shamanism/leggings_recipe.png",
            "ascent": 32,
            "height": 90,
            "chars": ["\uE012"]
        },
        {
            "type": "bitmap",
            "file": "sipilus:shamanism/boots_recipe.png",
            "ascent": 32,
            "height": 90,
            "chars": ["\uE013"]
        },
        {
            "type": "bitmap",
            "file": "sipilus:shamanism/staff_recipe.png",
            "ascent": 32,
            "height": 90,
            "chars": ["\uE014"]
        },
        {
            "type": "bitmap",
            "file": "sipilus:shamanism/empty_totem_recipe.png",
            "ascent": 32,
            "height": 90,
            "chars": ["\uE015"]
        },
        {
            "type": "bitmap",
            "file": "sipilus:shamanism/spirit_altar_recipe.png",
            "ascent": 32,
            "height": 90,
            "chars": ["\uE016"]
        },
        {
            "type": "bitmap",
            "file": "sipilus:shamanism/craft_template.png",
            "ascent": 32,
            "height": 90,
            "chars": ["\uE017"]
        },
        {
            "type": "bitmap",
            "file": "sipilus:shamanism/animalspiritbottle.png",
            "ascent": 20,
            "height": 20,
            "chars": ["\uE018"]
        },
        {
            "type": "bitmap",
            "file": "sipilus:shamanism/humanspiritbottle.png",
            "ascent": 20,
            "height": 20,
            "chars": ["\uE019"]
        },
        {
            "type": "bitmap",
            "file": "sipilus:shamanism/monsterspiritbottle.png",
            "ascent": 20,
            "height": 20,
            "chars": ["\uE01A"]
        },
        {
            "type": "bitmap",
            "file": "sipilus:shamanism/netherspiritbottle.png",
            "ascent": 20,
            "height": 20,
            "chars": ["\uE01B"]
        },
        {
            "type": "bitmap",
            "file": "sipilus:shamanism/endspiritbottle.png",
            "ascent": 20,
            "height": 20,
            "chars": ["\uE01C"]
        },
        {
            "type": "bitmap",
            "file": "sipilus:shamanism/wolfpelt.png",
            "ascent": 20,
            "height": 20,
            "chars": ["\uE01D"]
        },
        {
            "type": "bitmap",
            "file": "sipilus:shamanism/spiritfragh.png",
            "ascent": 12,
            "height": 12,
            "chars": ["\uE01E"]
        },
        {
            "type": "bitmap",
            "file": "sipilus:shamanism/spiritfragm.png",
            "ascent": 12,
            "height": 12,
            "chars": ["\uE01F"]
        },
        {
            "type": "bitmap",
            "file": "sipilus:shamanism/spiritfragn.png",
            "ascent": 12,
            "height": 12,
            "chars": ["\uE020"]
        },
        {
            "type": "bitmap",
            "file": "sipilus:shamanism/spiritfrage.png",
            "ascent": 12,
            "height": 12,
            "chars": ["\uE021"]
        },
        {
            "type": "bitmap",
            "file": "sipilus:shamanism/spirit_grid.png",
            "ascent": 32,
            "height": 90,
            "chars": ["\uE022"]
        },
        {
            "type": "bitmap",
            "file": "sipilus:shamanism/ritual_template.png",
            "ascent": 32,
            "height": 90,
            "chars": ["\uE023"]
        },
        {
            "type": "bitmap",
            "file": "sipilus:shamanism/animal_staff_recipe.png",
            "ascent": 32,
            "height": 90,
            "chars": ["\uE024"]
        },
        {
            "type": "bitmap",
            "file": "sipilus:shamanism/animal_totem_recipe.png",
            "ascent": 32,
            "height": 90,
            "chars": ["\uE025"]
        },
        {
            "type": "bitmap",
            "file": "sipilus:shamanism/human_staff_recipe.png",
            "ascent": 32,
            "height": 90,
            "chars": ["\uE026"]
        },
        {
            "type": "bitmap",
            "file": "sipilus:shamanism/human_totem_recipe.png",
            "ascent": 32,
            "height": 90,
            "chars": ["\uE027"]
        },
        {
            "type": "bitmap",
            "file": "sipilus:shamanism/monster_staff_recipe.png",
            "ascent": 32,
            "height": 90,
            "chars": ["\uE028"]
        },
        {
            "type": "bitmap",
            "file": "sipilus:shamanism/monster_totem_recipe.png",
            "ascent": 32,
            "height": 90,
            "chars": ["\uE029"]
        },
        {
            "type": "bitmap",
            "file": "sipilus:shamanism/nether_staff_recipe.png",
            "ascent": 32,
            "height": 90,
            "chars": ["\uE02A"]
        },
        {
            "type": "bitmap",
            "file": "sipilus:shamanism/nether_totem_recipe.png",
            "ascent": 32,
            "height": 90,
            "chars": ["\uE02B"]
        },
        {
            "type": "bitmap",
            "file": "sipilus:shamanism/end_staff_recipe.png",
            "ascent": 32,
            "height": 90,
            "chars": ["\uE02C"]
        },
        {
            "type": "bitmap",
            "file": "sipilus:shamanism/end_totem_recipe.png",
            "ascent": 32,
            "height": 90,
            "chars": ["\uE02D"]
        },
        {
            "type": "bitmap",
            "file": "sipilus:shamanism/purity_recipe.png",
            "ascent": 32,
            "height": 90,
            "chars": ["\uE02E"]
        },
        {
            "type": "bitmap",
            "file": "sipilus:shamanism/release_recipe.png",
            "ascent": 32,
            "height": 90,
            "chars": ["\uE02F"]
        },
        {
            "type": "bitmap",
            "file": "sipilus:shamanism/dive_charm_recipe.png",
            "ascent": 9,
            "height": 9,
            "chars": ["\uE030"]
        },
        {
            "type": "bitmap",
            "file": "sipilus:shamanism/spirit_macahuitl_recipe.png",
            "ascent": 9,
            "height": 9,
            "chars": ["\uE031"]
        },
        {
            "type": "bitmap",
            "file": "sipilus:shamanism/spirit_slasher_recipe.png",
            "ascent": 9,
            "height": 9,
            "chars": ["\uE032"]
        },
        {
            "type": "bitmap",
            "file": "sipilus:shamanism/primal_axe_recipe.png",
            "ascent": 32,
            "height": 90,
            "chars": ["\uE033"]
        },
        {
            "type": "bitmap",
            "file": "sipilus:shamanism/primal_bow_recipe.png",
            "ascent": 9,
            "height": 9,
            "chars": ["\uE034"]
        },
        {
            "type": "bitmap",
            "file": "sipilus:shamanism/primal_hoe_recipe.png",
            "ascent": 32,
            "height": 90,
            "chars": ["\uE035"]
        },
        {
            "type": "bitmap",
            "file": "sipilus:shamanism/primal_pick_recipe.png",
            "ascent": 32,
            "height": 90,
            "chars": ["\uE036"]
        },
        {
            "type": "bitmap",
            "file": "sipilus:shamanism/primal_shovel_recipe.png",
            "ascent": 32,
            "height": 90,
            "chars": ["\uE037"]
        },
        {
            "type": "bitmap",
            "file": "sipilus:shamanism/primal_spear_recipe.png",
            "ascent": 9,
            "height": 9,
            "chars": ["\uE038"]
        },
        {
            "type": "bitmap",
            "file": "sipilus:shamanism/spirit_chain_recipe.png",
            "ascent": 9,
            "height": 9,
            "chars": ["\uE039"]
        },
        {
            "type": "bitmap",
            "file": "sipilus:shamanism/imbued_hood_recipe.png",
            "ascent": 32,
            "height": 90,
            "chars": ["\uE03A"]
        },
        {
            "type": "bitmap",
            "file": "sipilus:shamanism/imbued_vest_recipe.png",
            "ascent": 32,
            "height": 90,
            "chars": ["\uE03B"]
        },
        {
            "type": "bitmap",
            "file": "sipilus:shamanism/imbued_leggings_recipe.png",
            "ascent": 32,
            "height": 90,
            "chars": ["\uE03C"]
        },
        {
            "type": "bitmap",
            "file": "sipilus:shamanism/imbued_boots_recipe.png",
            "ascent": 32,
            "height": 90,
            "chars": ["\uE03D"]
        },
        {
            "type": "bitmap",
            "file": "sipilus:shamanism/spirit_chain_recipe.png",
            "ascent": 9,
            "height": 9,
            "chars": ["\uE03E"]
        },
        {
            "type": "bitmap",
            "file": "sipilus:shamanism/animaltotem.png",
            "ascent": 20,
            "height": 20,
            "chars": ["\uE03F"]
        },
        {
            "type": "bitmap",
            "file": "sipilus:shamanism/humantotem.png",
            "ascent": 20,
            "height": 20,
            "chars": ["\uE040"]
        },
        {
            "type": "bitmap",
            "file": "sipilus:shamanism/monstertotem.png",
            "ascent": 20,
            "height": 20,
            "chars": ["\uE041"]
        },
        {
            "type": "bitmap",
            "file": "sipilus:shamanism/nethertotem.png",
            "ascent": 20,
            "height": 20,
            "chars": ["\uE042"]
        },
        {
            "type": "bitmap",
            "file": "sipilus:shamanism/endtotem.png",
            "ascent": 20,
            "height": 20,
            "chars": ["\uE043"]
        },
        {
            "type": "bitmap",
            "file": "sipilus:shamanism/animalspiritstaff.png",
            "ascent": 20,
            "height": 20,
            "chars": ["\uE044"]
        },
        {
            "type": "bitmap",
            "file": "sipilus:shamanism/humanspiritstaff.png",
            "ascent": 20,
            "height": 20,
            "chars": ["\uE045"]
        },
        {
            "type": "bitmap",
            "file": "sipilus:shamanism/monsterspiritstaff.png",
            "ascent": 20,
            "height": 20,
            "chars": ["\uE046"]
        },
        {
            "type": "bitmap",
            "file": "sipilus:shamanism/netherspiritstaff.png",
            "ascent": 20,
            "height": 20,
            "chars": ["\uE047"]
        },
        {
            "type": "bitmap",
            "file": "sipilus:shamanism/endspiritstaff.png",
            "ascent": 20,
            "height": 20,
            "chars": ["\uE048"]
        },
        {
            "type": "bitmap",
            "file": "sipilus:shamanism/companion_charm.png",
            "ascent": 20,
            "height": 20,
            "chars": ["\uE049"]
        },
        {
            "type": "bitmap",
            "file": "sipilus:shamanism/volley_charm.png",
            "ascent": 20,
            "height": 20,
            "chars": ["\uE04A"]
        },
        {
            "type": "bitmap",
            "file": "sipilus:shamanism/venom_charm.png",
            "ascent": 20,
            "height": 20,
            "chars": ["\uE04B"]
        },
        {
            "type": "bitmap",
            "file": "sipilus:shamanism/flame_charm.png",
            "ascent": 20,
            "height": 20,
            "chars": ["\uE04C"]
        },
        {
            "type": "bitmap",
            "file": "sipilus:shamanism/warp_charm.png",
            "ascent": 20,
            "height": 20,
            "chars": ["\uE04D"]
        },
        {
            "type": "bitmap",
            "file": "sipilus:shamanism/cleansing_ritual_a.png",
            "ascent": 32,
            "height": 90,
            "chars": ["\uE04E"]
        },
        {
            "type": "bitmap",
            "file": "sipilus:shamanism/cleansing_ritual_h.png",
            "ascent": 32,
            "height": 90,
            "chars": ["\uE04F"]
        },
        {
            "type": "bitmap",
            "file": "sipilus:shamanism/cleansing_ritual_m.png",
            "ascent": 32,
            "height": 90,
            "chars": ["\uE050"]
        },
        {
            "type": "bitmap",
            "file": "sipilus:shamanism/cleansing_ritual_n.png",
            "ascent": 32,
            "height": 90,
            "chars": ["\uE051"]
        },
        {
            "type": "bitmap",
            "file": "sipilus:shamanism/cleansing_ritual_e.png",
            "ascent": 32,
            "height": 90,
            "chars": ["\uE052"]
        },
        {
            "type": "bitmap",
            "file": "sipilus:shamanism/clear_skies.png",
            "ascent": 32,
            "height": 90,
            "chars": ["\uE053"]
        },
        {
            "type": "bitmap",
            "file": "sipilus:shamanism/fungal_ground.png",
            "ascent": 32,
            "height": 90,
            "chars": ["\uE054"]
        },
        {
            "type": "bitmap",
            "file": "sipilus:shamanism/gills.png",
            "ascent": 32,
            "height": 90,
            "chars": ["\uE055"]
        },
        {
            "type": "bitmap",
            "file": "sipilus:shamanism/gray_skies.png",
            "ascent": 32,
            "height": 90,
            "chars": ["\uE056"]
        },
        {
            "type": "bitmap",
            "file": "sipilus:shamanism/healing_ritual.png",
            "ascent": 32,
            "height": 90,
            "chars": ["\uE057"]
        },
        {
            "type": "bitmap",
            "file": "sipilus:shamanism/protection_ritual.png",
            "ascent": 32,
            "height": 90,
            "chars": ["\uE058"]
        },
        {
            "type": "bitmap",
            "file": "sipilus:shamanism/verdant_ground.png",
            "ascent": 32,
            "height": 90,
            "chars": ["\uE059"]
        },
        {
            "type": "bitmap",
            "file": "sipilus:shamanism/wolf_ritual.png",
            "ascent": 32,
            "height": 90,
            "chars": ["\uE05A"]
        },
        {
            "type": "bitmap",
            "file": "sipilus:shamanism/dark_skies.png",
            "ascent": 32,
            "height": 90,
            "chars": ["\uE05B"]
        },
        {
            "type": "bitmap",
            "file": "sipilus:shamanism/primal_crafting_grid.png",
            "ascent": 13,
            "height": 71,
            "chars": ["\uE061"]
        },
        {
            "type": "bitmap",
            "file": "sipilus:shamanism/blankpixel.png",
            "ascent": -10000,
            "height": -1,
            "chars": ["\uE062"]
        },
        {
            "type": "bitmap",
            "file": "sipilus:shamanism/favor_symbol.png",
            "ascent": 12,
            "height": 12,
            "chars": ["\uE063"]
        },
        {
            "type": "bitmap",
            "file": "sipilus:shamanism/grace_symbol.png",
            "ascent": 12,
            "height": 12,
            "chars": ["\uE064"]
        },
        {
            "type": "bitmap",
            "file": "sipilus:shamanism/dreamcatcher.png",
            "ascent": 20,
            "height": 20,
            "chars": ["\uE065"]
        },
        {
            "type": "bitmap",
            "file": "sipilus:shamanism/staff.png",
            "ascent": 20,
            "height": 20,
            "chars": ["\uE066"]
        },
        {
            "type": "bitmap",
            "file": "sipilus:shamanism/emptytotem.png",
            "ascent": 20,
            "height": 20,
            "chars": ["\uE067"]
        },
        {
            "type": "bitmap",
            "file": "sipilus:shamanism/releasecharm.png",
            "ascent": 20,
            "height": 20,
            "chars": ["\uE068"]
        },
        {
            "type": "bitmap",
            "file": "sipilus:shamanism/bottlea_recipe.png",
            "ascent": 32,
            "height": 90,
            "chars": ["\uE069"]
        },
        {
            "type": "bitmap",
            "file": "sipilus:shamanism/bottleh_recipe.png",
            "ascent": 32,
            "height": 90,
            "chars": ["\uE06A"]
        },
        {
            "type": "bitmap",
            "file": "sipilus:shamanism/bottlem_recipe.png",
            "ascent": 32,
            "height": 90,
            "chars": ["\uE06B"]
        },
        {
            "type": "bitmap",
            "file": "sipilus:shamanism/bottlen_recipe.png",
            "ascent": 32,
            "height": 90,
            "chars": ["\uE06C"]
        },
        {
            "type": "bitmap",
            "file": "sipilus:shamanism/bottlee_recipe.png",
            "ascent": 32,
            "height": 90,
            "chars": ["\uE06D"]
        },
        {
            "type": "bitmap",
            "file": "sipilus:shamanism/primalaxe.png",
            "ascent": 20,
            "height": 20,
            "chars": ["\uE06E"]
        },
        {
            "type": "bitmap",
            "file": "sipilus:shamanism/primalpick.png",
            "ascent": 20,
            "height": 20,
            "chars": ["\uE06F"]
        },
        {
            "type": "bitmap",
            "file": "sipilus:shamanism/primalshovel.png",
            "ascent": 20,
            "height": 20,
            "chars": ["\uE070"]
        },
        {
            "type": "bitmap",
            "file": "sipilus:shamanism/primalhoe.png",
            "ascent": 20,
            "height": 20,
            "chars": ["\uE071"]
        },
        {
            "type": "bitmap",
            "file": "sipilus:shamanism/hunt_hood_recipe.png",
            "ascent": 32,
            "height": 90,
            "chars": ["\uE072"]
        },
        {
            "type": "bitmap",
            "file": "sipilus:shamanism/hunt_vest_recipe.png",
            "ascent": 32,
            "height": 90,
            "chars": ["\uE073"]
        },
        {
            "type": "bitmap",
            "file": "sipilus:shamanism/hunt_leggings_recipe.png",
            "ascent": 32,
            "height": 90,
            "chars": ["\uE074"]
        },
        {
            "type": "bitmap",
            "file": "sipilus:shamanism/hunt_boots_recipe.png",
            "ascent": 32,
            "height": 90,
            "chars": ["\uE075"]
        },
        {
            "type": "bitmap",
            "file": "sipilus:shamanism/hood_icon.png",
            "ascent": 20,
            "height": 20,
            "chars": ["\uE076"]
        },
        {
            "type": "bitmap",
            "file": "sipilus:shamanism/adv_ritual_template.png",
            "ascent": 32,
            "height": 90,
            "chars": ["\uE077"]
        },
        {
            "type": "bitmap",
            "file": "sipilus:shamanism/twistedfrag.png",
            "ascent": 12,
            "height": 12,
            "chars": ["\uE078"]
        },
        {
            "type": "bitmap",
            "file": "sipilus:shamanism/twistedfrag.png",
            "ascent": 20,
            "height": 20,
            "chars": ["\uE079"]
        },
        {
            "type": "bitmap",
            "file": "sipilus:shamanism/twistedbottle.png",
            "ascent": 20,
            "height": 20,
            "chars": ["\uE07A"]
        },
        {
            "type": "bitmap",
            "file": "sipilus:shamanism/twisted_staff.png",
            "ascent": 20,
            "height": 20,
            "chars": ["\uE07B"]
        },
        {
            "type": "bitmap",
            "file": "sipilus:shamanism/twisted_totem.png",
            "ascent": 20,
            "height": 20,
            "chars": ["\uE07C"]
        },
        {
            "type": "bitmap",
            "file": "sipilus:shamanism/twisted_macahuitl.png",
            "ascent": 20,
            "height": 20,
            "chars": ["\uE07D"]
        },
        {
            "type": "bitmap",
            "file": "sipilus:shamanism/subjugation_charm.png",
            "ascent": 20,
            "height": 20,
            "chars": ["\uE07E"]
        },
        {
            "type": "bitmap",
            "file": "sipilus:shamanism/malevolence_charm.png",
            "ascent": 20,
            "height": 20,
            "chars": ["\uE07F"]
        },
        {
            "type": "bitmap",
            "file": "sipilus:shamanism/sharpened_bone.png",
            "ascent": 20,
            "height": 20,
            "chars": ["\uE080"]
        },
        {
            "type": "bitmap",
            "file": "sipilus:shamanism/forbidden.png",
            "ascent": 12,
            "height": 12,
            "chars": ["\uE081"]
        },
        {
            "type": "bitmap",
            "file": "sipilus:shamanism/sharp_bone_recipe.png",
            "ascent": 32,
            "height": 90,
            "chars": ["\uE082"]
        },
        {
            "type": "bitmap",
            "file": "sipilus:shamanism/twisted_bottle_recipe.png",
            "ascent": 32,
            "height": 90,
            "chars": ["\uE083"]
        },
        {
            "type": "bitmap",
            "file": "sipilus:shamanism/twisted_staff_recipe.png",
            "ascent": 32,
            "height": 90,
            "chars": ["\uE084"]
        },
        {
            "type": "bitmap",
            "file": "sipilus:shamanism/twisted_totem_recipe.png",
            "ascent": 32,
            "height": 90,
            "chars": ["\uE085"]
        },
        {
            "type": "bitmap",
            "file": "sipilus:shamanism/twisted_macahuitl_recipe.png",
            "ascent": 32,
            "height": 90,
            "chars": ["\uE086"]
        },
        {
            "type": "bitmap",
            "file": "sipilus:shamanism/mav_charm_recipe.png",
            "ascent": 32,
            "height": 90,
            "chars": ["\uE087"]
        },
        {
            "type": "bitmap",
            "file": "sipilus:shamanism/sub_charm_recipe.png",
            "ascent": 32,
            "height": 90,
            "chars": ["\uE088"]
        },
        {
            "type": "bitmap",
            "file": "sipilus:shamanism/twisted_hood_recipe.png",
            "ascent": 32,
            "height": 90,
            "chars": ["\uE089"]
        },
        {
            "type": "bitmap",
            "file": "sipilus:shamanism/twisted_vest_recipe.png",
            "ascent": 32,
            "height": 90,
            "chars": ["\uE08A"]
        },
        {
            "type": "bitmap",
            "file": "sipilus:shamanism/twisted_leggings_recipe.png",
            "ascent": 32,
            "height": 90,
            "chars": ["\uE08B"]
        },
        {
            "type": "bitmap",
            "file": "sipilus:shamanism/twisted_boots_recipe.png",
            "ascent": 32,
            "height": 90,
            "chars": ["\uE08C"]
        },
        {
            "type": "bitmap",
            "file": "sipilus:shamanism/pure_stew_recipe.png",
            "ascent": 32,
            "height": 90,
            "chars": ["\uE08D"]
        },
        {
            "type": "bitmap",
            "file": "sipilus:shamanism/purestew.png",
            "ascent": 20,
            "height": 20,
            "chars": ["\uE08E"]
        }
    ]
}
    ]
}