{
	"credit": "Made with Blockbench",
	"parent": "block/cube_all",
	"textures": {
		"0": "block/polished_blackstone_bricks",
		"1": "block/purple_wool",
		"2": "sorcery/altar",
		"3": "sorcery/altar_logos",
		"particle": "block/polished_blackstone_bricks"
	},
	"elements": [
		{
			"from": [0, 0, 0],
			"to": [16, 16, 16],
			"faces": {
				"north": {"uv": [0, 0, 16, 16], "texture": "#0"},
				"east": {"uv": [0, 0, 16, 16], "texture": "#0"},
				"south": {"uv": [0, 0, 16, 16], "texture": "#0"},
				"west": {"uv": [0, 0, 16, 16], "texture": "#0"},
				"up": {"uv": [0, 0, 16, 16], "texture": "#0"},
				"down": {"uv": [0, 0, 16, 16], "texture": "#0"}
			}
		},
		{
			"from": [13.5, 15.5, -0.5],
			"to": [16.5, 16.5, 0.5],
			"rotation": {"angle": 0, "axis": "y", "origin": [23.5, 23.5, 7.5]},
			"faces": {
				"north": {"uv": [0, 0, 3, 1], "texture": "#2"},
				"east": {"uv": [0, 0, 1, 1], "texture": "#2"},
				"south": {"uv": [2, 0, 3, 1], "texture": "#2"},
				"west": {"uv": [2, 0, 3, 1], "texture": "#2"},
				"up": {"uv": [0, 0, 3, 1], "rotation": 180, "texture": "#2"},
				"down": {"uv": [0, 0, 3, 1], "texture": "#missing"}
			}
		},
		{
			"from": [-0.5, 15.5, -0.5],
			"to": [0.5, 16.5, 2.5],
			"rotation": {"angle": 0, "axis": "y", "origin": [7.5, 23.5, -7.5]},
			"faces": {
				"north": {"uv": [0, 0, 1, 1], "texture": "#2"},
				"east": {"uv": [2, 0, 3, 1], "texture": "#2"},
				"south": {"uv": [2, 0, 3, 1], "texture": "#2"},
				"west": {"uv": [0, 0, 3, 1], "texture": "#2"},
				"up": {"uv": [0, 0, 3, 1], "rotation": 90, "texture": "#2"},
				"down": {"uv": [0, 0, 3, 1], "rotation": 90, "texture": "#missing"}
			}
		},
		{
			"from": [-0.5, 15.5, 15.5],
			"to": [2.5, 16.5, 16.5],
			"rotation": {"angle": 0, "axis": "y", "origin": [-7.5, 23.5, 8.5]},
			"faces": {
				"north": {"uv": [2, 0, 3, 1], "texture": "#2"},
				"east": {"uv": [2, 0, 3, 1], "texture": "#2"},
				"south": {"uv": [0, 0, 3, 1], "texture": "#2"},
				"west": {"uv": [0, 0, 1, 1], "texture": "#2"},
				"up": {"uv": [0, 0, 3, 1], "texture": "#2"},
				"down": {"uv": [0, 0, 3, 1], "rotation": 180, "texture": "#missing"}
			}
		},
		{
			"from": [15.5, 15.5, 13.5],
			"to": [16.5, 16.5, 16.5],
			"rotation": {"angle": 0, "axis": "y", "origin": [8.5, 23.5, 23.5]},
			"faces": {
				"north": {"uv": [2, 0, 3, 1], "texture": "#2"},
				"east": {"uv": [0, 0, 3, 1], "texture": "#2"},
				"south": {"uv": [0, 0, 1, 1], "texture": "#2"},
				"west": {"uv": [2, 0, 3, 1], "texture": "#2"},
				"up": {"uv": [0, 0, 3, 1], "rotation": 270, "texture": "#2"},
				"down": {"uv": [0, 0, 3, 1], "rotation": 270, "texture": "#missing"}
			}
		},
		{
			"from": [14.5, 14.5, -0.5],
			"to": [16.5, 15.5, 0.5],
			"rotation": {"angle": 0, "axis": "y", "origin": [23.5, 22.5, 7.5]},
			"faces": {
				"north": {"uv": [0, 1, 2, 2], "texture": "#2"},
				"east": {"uv": [0, 1, 1, 2], "texture": "#2"},
				"south": {"uv": [0, 0, 2, 1], "texture": "#missing"},
				"west": {"uv": [1, 1, 2, 2], "texture": "#2"},
				"up": {"uv": [0, 0, 2, 1], "texture": "#missing"},
				"down": {"uv": [0, 1, 2, 2], "texture": "#2"}
			}
		},
		{
			"from": [-0.5, 14.5, -0.5],
			"to": [0.5, 15.5, 1.5],
			"rotation": {"angle": 0, "axis": "y", "origin": [7.5, 23.5, -7.5]},
			"faces": {
				"north": {"uv": [0, 1, 1, 2], "texture": "#2"},
				"east": {"uv": [0, 0, 2, 1], "texture": "#missing"},
				"south": {"uv": [1, 1, 2, 2], "texture": "#2"},
				"west": {"uv": [0, 1, 2, 2], "texture": "#2"},
				"up": {"uv": [0, 0, 2, 1], "rotation": 270, "texture": "#missing"},
				"down": {"uv": [0, 1, 2, 2], "rotation": 90, "texture": "#2"}
			}
		},
		{
			"from": [-0.5, 14.5, 15.5],
			"to": [1.5, 15.5, 16.5],
			"rotation": {"angle": 0, "axis": "y", "origin": [-7.5, 23.5, 8.5]},
			"faces": {
				"north": {"uv": [0, 0, 2, 1], "texture": "#missing"},
				"east": {"uv": [1, 1, 2, 2], "texture": "#2"},
				"south": {"uv": [0, 1, 2, 2], "texture": "#2"},
				"west": {"uv": [0, 1, 1, 2], "texture": "#2"},
				"up": {"uv": [0, 0, 2, 1], "rotation": 180, "texture": "#missing"},
				"down": {"uv": [0, 1, 2, 2], "rotation": 180, "texture": "#2"}
			}
		},
		{
			"from": [15.5, 14.5, 14.5],
			"to": [16.5, 15.5, 16.5],
			"rotation": {"angle": 0, "axis": "y", "origin": [8.5, 23.5, 23.5]},
			"faces": {
				"north": {"uv": [1, 1, 2, 2], "texture": "#2"},
				"east": {"uv": [0, 1, 2, 2], "texture": "#2"},
				"south": {"uv": [0, 1, 1, 2], "texture": "#2"},
				"west": {"uv": [0, 0, 2, 1], "texture": "#missing"},
				"up": {"uv": [0, 0, 2, 1], "rotation": 90, "texture": "#missing"},
				"down": {"uv": [0, 1, 2, 2], "rotation": 270, "texture": "#2"}
			}
		},
		{
			"from": [15.5, 13.5, -0.5],
			"to": [16.5, 14.5, 0.5],
			"rotation": {"angle": 0, "axis": "y", "origin": [23.5, 21.5, 7.5]},
			"faces": {
				"north": {"uv": [0, 2, 1, 3], "texture": "#2"},
				"east": {"uv": [0, 2, 1, 3], "texture": "#2"},
				"south": {"uv": [0, 2, 1, 3], "texture": "#2"},
				"west": {"uv": [0, 2, 1, 3], "texture": "#2"},
				"up": {"uv": [0, 2, 1, 3], "texture": "#2"},
				"down": {"uv": [0, 2, 1, 3], "texture": "#2"}
			}
		},
		{
			"from": [-0.5, 13.5, -0.5],
			"to": [0.5, 14.5, 0.5],
			"rotation": {"angle": 0, "axis": "y", "origin": [7.5, 23.5, -7.5]},
			"faces": {
				"north": {"uv": [0, 2, 1, 3], "texture": "#2"},
				"east": {"uv": [0, 2, 1, 3], "texture": "#2"},
				"south": {"uv": [0, 2, 1, 3], "texture": "#2"},
				"west": {"uv": [0, 2, 1, 3], "texture": "#2"},
				"up": {"uv": [0, 2, 1, 3], "rotation": 270, "texture": "#2"},
				"down": {"uv": [0, 2, 1, 3], "rotation": 90, "texture": "#2"}
			}
		},
		{
			"from": [-0.5, 13.5, 15.5],
			"to": [0.5, 14.5, 16.5],
			"rotation": {"angle": 0, "axis": "y", "origin": [-7.5, 23.5, 8.5]},
			"faces": {
				"north": {"uv": [0, 2, 1, 3], "texture": "#2"},
				"east": {"uv": [0, 2, 1, 3], "texture": "#2"},
				"south": {"uv": [0, 2, 1, 3], "texture": "#2"},
				"west": {"uv": [0, 2, 1, 3], "texture": "#2"},
				"up": {"uv": [0, 2, 1, 3], "rotation": 180, "texture": "#2"},
				"down": {"uv": [0, 2, 1, 3], "rotation": 180, "texture": "#2"}
			}
		},
		{
			"from": [15.5, 13.5, 15.5],
			"to": [16.5, 14.5, 16.5],
			"rotation": {"angle": 0, "axis": "y", "origin": [8.5, 23.5, 23.5]},
			"faces": {
				"north": {"uv": [0, 2, 1, 3], "texture": "#2"},
				"east": {"uv": [0, 2, 1, 3], "texture": "#2"},
				"south": {"uv": [0, 2, 1, 3], "texture": "#2"},
				"west": {"uv": [0, 2, 1, 3], "texture": "#2"},
				"up": {"uv": [0, 2, 1, 3], "rotation": 90, "texture": "#2"},
				"down": {"uv": [0, 2, 1, 3], "rotation": 270, "texture": "#2"}
			}
		},
		{
			"from": [14.5, 15.5, 0.5],
			"to": [15.5, 16.5, 1.5],
			"rotation": {"angle": 0, "axis": "y", "origin": [22.5, 23.5, 8.5]},
			"faces": {
				"north": {"uv": [0, 0, 1, 1], "texture": "#missing"},
				"east": {"uv": [0, 0, 1, 1], "texture": "#missing"},
				"south": {"uv": [1, 1, 2, 2], "texture": "#2"},
				"west": {"uv": [1, 1, 2, 2], "texture": "#2"},
				"up": {"uv": [1, 1, 2, 2], "texture": "#2"},
				"down": {"uv": [0, 0, 1, 1], "texture": "#missing"}
			}
		},
		{
			"from": [0.5, 15.5, 0.5],
			"to": [1.5, 16.5, 1.5],
			"rotation": {"angle": 0, "axis": "y", "origin": [7.5, 23.5, -7.5]},
			"faces": {
				"north": {"uv": [0, 0, 1, 1], "texture": "#missing"},
				"east": {"uv": [1, 1, 2, 2], "texture": "#2"},
				"south": {"uv": [1, 1, 2, 2], "texture": "#2"},
				"west": {"uv": [0, 0, 1, 1], "texture": "#missing"},
				"up": {"uv": [1, 1, 2, 2], "rotation": 270, "texture": "#2"},
				"down": {"uv": [0, 0, 1, 1], "rotation": 90, "texture": "#missing"}
			}
		},
		{
			"from": [0.5, 15.5, 14.5],
			"to": [1.5, 16.5, 15.5],
			"rotation": {"angle": 0, "axis": "y", "origin": [-7.5, 23.5, 8.5]},
			"faces": {
				"north": {"uv": [1, 1, 2, 2], "texture": "#2"},
				"east": {"uv": [1, 1, 2, 2], "texture": "#2"},
				"south": {"uv": [0, 0, 1, 1], "texture": "#missing"},
				"west": {"uv": [0, 0, 1, 1], "texture": "#missing"},
				"up": {"uv": [1, 1, 2, 2], "rotation": 180, "texture": "#2"},
				"down": {"uv": [0, 0, 1, 1], "rotation": 180, "texture": "#missing"}
			}
		},
		{
			"from": [14.5, 15.5, 14.5],
			"to": [15.5, 16.5, 15.5],
			"rotation": {"angle": 0, "axis": "y", "origin": [8.5, 23.5, 23.5]},
			"faces": {
				"north": {"uv": [1, 1, 2, 2], "texture": "#2"},
				"east": {"uv": [0, 0, 1, 1], "texture": "#missing"},
				"south": {"uv": [0, 0, 1, 1], "texture": "#missing"},
				"west": {"uv": [1, 1, 2, 2], "texture": "#2"},
				"up": {"uv": [1, 1, 2, 2], "rotation": 90, "texture": "#2"},
				"down": {"uv": [0, 0, 1, 1], "rotation": 270, "texture": "#missing"}
			}
		},
		{
			"from": [15.5, 14.5, 0.5],
			"to": [16.5, 15.5, 1.5],
			"rotation": {"angle": 0, "axis": "y", "origin": [23.5, 22.5, 8.5]},
			"faces": {
				"north": {"uv": [1, 1, 2, 2], "texture": "#2"},
				"east": {"uv": [1, 1, 2, 2], "texture": "#2"},
				"south": {"uv": [1, 1, 2, 2], "texture": "#2"},
				"west": {"uv": [1, 1, 2, 2], "texture": "#2"},
				"up": {"uv": [1, 1, 2, 2], "texture": "#2"},
				"down": {"uv": [1, 1, 2, 2], "texture": "#2"}
			}
		},
		{
			"from": [0.5, 14.5, -0.5],
			"to": [1.5, 15.5, 0.5],
			"rotation": {"angle": 0, "axis": "y", "origin": [7.5, 23.5, -7.5]},
			"faces": {
				"north": {"uv": [1, 1, 2, 2], "texture": "#2"},
				"east": {"uv": [1, 1, 2, 2], "texture": "#2"},
				"south": {"uv": [1, 1, 2, 2], "texture": "#2"},
				"west": {"uv": [1, 1, 2, 2], "texture": "#2"},
				"up": {"uv": [1, 1, 2, 2], "rotation": 270, "texture": "#2"},
				"down": {"uv": [1, 1, 2, 2], "rotation": 90, "texture": "#2"}
			}
		},
		{
			"from": [-0.5, 14.5, 14.5],
			"to": [0.5, 15.5, 15.5],
			"rotation": {"angle": 0, "axis": "y", "origin": [-7.5, 23.5, 8.5]},
			"faces": {
				"north": {"uv": [1, 1, 2, 2], "texture": "#2"},
				"east": {"uv": [1, 1, 2, 2], "texture": "#2"},
				"south": {"uv": [1, 1, 2, 2], "texture": "#2"},
				"west": {"uv": [1, 1, 2, 2], "texture": "#2"},
				"up": {"uv": [1, 1, 2, 2], "rotation": 180, "texture": "#2"},
				"down": {"uv": [1, 1, 2, 2], "rotation": 180, "texture": "#2"}
			}
		},
		{
			"from": [14.5, 14.5, 15.5],
			"to": [15.5, 15.5, 16.5],
			"rotation": {"angle": 0, "axis": "y", "origin": [8.5, 23.5, 23.5]},
			"faces": {
				"north": {"uv": [1, 1, 2, 2], "texture": "#2"},
				"east": {"uv": [1, 1, 2, 2], "texture": "#2"},
				"south": {"uv": [1, 1, 2, 2], "texture": "#2"},
				"west": {"uv": [1, 1, 2, 2], "texture": "#2"},
				"up": {"uv": [1, 1, 2, 2], "rotation": 90, "texture": "#2"},
				"down": {"uv": [1, 1, 2, 2], "rotation": 270, "texture": "#2"}
			}
		},
		{
			"from": [15.5, 15.5, 0.5],
			"to": [16.5, 16.5, 2.5],
			"rotation": {"angle": 0, "axis": "y", "origin": [23.5, 23.5, 8.5]},
			"faces": {
				"north": {"uv": [0, 0, 1, 1], "texture": "#missing"},
				"east": {"uv": [1, 0, 3, 1], "rotation": 180, "texture": "#2"},
				"south": {"uv": [2, 0, 3, 1], "texture": "#2"},
				"west": {"uv": [0, 2, 1, 3], "texture": "#2"},
				"up": {"uv": [0, 1, 1, 3], "texture": "#2"},
				"down": {"uv": [0, 0, 1, 2], "texture": "#missing"}
			}
		},
		{
			"from": [0.5, 15.5, -0.5],
			"to": [2.5, 16.5, 0.5],
			"rotation": {"angle": 0, "axis": "y", "origin": [7.5, 23.5, -7.5]},
			"faces": {
				"north": {"uv": [1, 0, 3, 1], "rotation": 180, "texture": "#2"},
				"east": {"uv": [2, 0, 3, 1], "texture": "#2"},
				"south": {"uv": [0, 2, 1, 3], "texture": "#2"},
				"west": {"uv": [0, 0, 1, 1], "texture": "#missing"},
				"up": {"uv": [0, 1, 1, 3], "rotation": 270, "texture": "#2"},
				"down": {"uv": [0, 0, 1, 2], "rotation": 90, "texture": "#missing"}
			}
		},
		{
			"from": [-0.5, 15.5, 13.5],
			"to": [0.5, 16.5, 15.5],
			"rotation": {"angle": 0, "axis": "y", "origin": [-7.5, 23.5, 8.5]},
			"faces": {
				"north": {"uv": [2, 0, 3, 1], "texture": "#2"},
				"east": {"uv": [0, 2, 1, 3], "texture": "#2"},
				"south": {"uv": [0, 0, 1, 1], "texture": "#missing"},
				"west": {"uv": [1, 0, 3, 1], "rotation": 180, "texture": "#2"},
				"up": {"uv": [0, 1, 1, 3], "rotation": 180, "texture": "#2"},
				"down": {"uv": [0, 0, 1, 2], "rotation": 180, "texture": "#missing"}
			}
		},
		{
			"from": [13.5, 15.5, 15.5],
			"to": [15.5, 16.5, 16.5],
			"rotation": {"angle": 0, "axis": "y", "origin": [8.5, 23.5, 23.5]},
			"faces": {
				"north": {"uv": [0, 2, 1, 3], "texture": "#2"},
				"east": {"uv": [0, 0, 1, 1], "texture": "#missing"},
				"south": {"uv": [1, 0, 3, 1], "rotation": 180, "texture": "#2"},
				"west": {"uv": [2, 0, 3, 1], "texture": "#2"},
				"up": {"uv": [0, 1, 1, 3], "rotation": 90, "texture": "#2"},
				"down": {"uv": [0, 0, 1, 2], "rotation": 270, "texture": "#missing"}
			}
		},
		{
			"from": [0, 16, 0],
			"to": [16, 16.25, 16],
			"rotation": {"angle": 0, "axis": "y", "origin": [8, 24, 8]},
			"faces": {
				"north": {"uv": [0, 0, 16, 0.25], "texture": "#1"},
				"east": {"uv": [0, 0, 16, 0.25], "texture": "#1"},
				"south": {"uv": [0, 0, 16, 0.25], "texture": "#1"},
				"west": {"uv": [0, 0, 16, 0.25], "texture": "#1"},
				"up": {"uv": [0, 0, 16, 16], "texture": "#1"},
				"down": {"uv": [0, 0, 16, 16], "texture": "#missing"}
			}
		},
		{
			"from": [4.5, 16.25, 4.5],
			"to": [11.5, 18.25, 11.5],
			"rotation": {"angle": 0, "axis": "y", "origin": [12.5, 24.25, 12.5]},
			"faces": {
				"north": {"uv": [0, 14, 7, 16], "texture": "#2"},
				"east": {"uv": [0, 14, 7, 16], "texture": "#2"},
				"south": {"uv": [0, 14, 7, 16], "texture": "#2"},
				"west": {"uv": [0, 14, 7, 16], "texture": "#2"},
				"up": {"uv": [9, 9, 16, 16], "texture": "#2"},
				"down": {"uv": [0, 0, 7, 7], "texture": "#missing"}
			}
		},
		{
			"from": [5.5, 18.25, 5.5],
			"to": [10.5, 23.25, 10.5],
			"rotation": {"angle": 0, "axis": "y", "origin": [13.5, 26.25, 13.5]},
			"faces": {
				"north": {"uv": [1, 9, 6, 14], "texture": "#2"},
				"east": {"uv": [1, 9, 6, 14], "texture": "#2"},
				"south": {"uv": [1, 9, 6, 14], "texture": "#2"},
				"west": {"uv": [1, 9, 6, 14], "texture": "#2"},
				"up": {"uv": [1, 9, 6, 14], "texture": "#2"},
				"down": {"uv": [0, 0, 5, 5], "texture": "#missing"}
			}
		},
		{
			"from": [5, 15.25, -0.25],
			"to": [11, 16.25, 0],
			"rotation": {"angle": 0, "axis": "y", "origin": [16, 23, 7]},
			"faces": {
				"north": {"uv": [7, 0, 13, 1], "texture": "#1"},
				"east": {"uv": [7, 0, 7.25, 1], "texture": "#1"},
				"south": {"uv": [0, 0, 6, 1], "texture": "#missing"},
				"west": {"uv": [12, 0, 12.25, 1], "texture": "#1"},
				"up": {"uv": [5, 0, 11, 1], "texture": "#1"},
				"down": {"uv": [0, 0, 6, 0.25], "texture": "#missing"}
			}
		},
		{
			"from": [-0.25, 15.25, 5],
			"to": [0, 16.25, 11],
			"rotation": {"angle": 0, "axis": "y", "origin": [7, 23, 0]},
			"faces": {
				"north": {"uv": [7, 0, 7.25, 1], "texture": "#1"},
				"east": {"uv": [0, 0, 6, 1], "texture": "#missing"},
				"south": {"uv": [12, 0, 12.25, 1], "texture": "#1"},
				"west": {"uv": [7, 0, 13, 1], "texture": "#1"},
				"up": {"uv": [5, 0, 11, 1], "rotation": 270, "texture": "#1"},
				"down": {"uv": [0, 0, 6, 0.25], "rotation": 90, "texture": "#missing"}
			}
		},
		{
			"from": [5, 15.25, 16],
			"to": [11, 16.25, 16.25],
			"rotation": {"angle": 0, "axis": "y", "origin": [0, 23, 9]},
			"faces": {
				"north": {"uv": [0, 0, 6, 1], "texture": "#missing"},
				"east": {"uv": [12, 0, 12.25, 1], "texture": "#1"},
				"south": {"uv": [7, 0, 13, 1], "texture": "#1"},
				"west": {"uv": [7, 0, 7.25, 1], "texture": "#1"},
				"up": {"uv": [5, 0, 11, 1], "rotation": 180, "texture": "#1"},
				"down": {"uv": [0, 0, 6, 0.25], "rotation": 180, "texture": "#missing"}
			}
		},
		{
			"from": [16, 15.25, 5],
			"to": [16.25, 16.25, 11],
			"rotation": {"angle": 0, "axis": "y", "origin": [9, 23, 16]},
			"faces": {
				"north": {"uv": [12, 0, 12.25, 1], "texture": "#1"},
				"east": {"uv": [7, 0, 13, 1], "texture": "#1"},
				"south": {"uv": [7, 0, 7.25, 1], "texture": "#1"},
				"west": {"uv": [0, 0, 6, 1], "texture": "#missing"},
				"up": {"uv": [5, 0, 11, 1], "rotation": 90, "texture": "#1"},
				"down": {"uv": [0, 0, 6, 0.25], "rotation": 270, "texture": "#missing"}
			}
		},
		{
			"from": [6, 14.25, -0.25],
			"to": [10, 15.25, 0],
			"rotation": {"angle": 0, "axis": "y", "origin": [16, 22, 7]},
			"faces": {
				"north": {"uv": [8, 1, 12, 2], "texture": "#1"},
				"east": {"uv": [7, 0, 7.25, 1], "texture": "#1"},
				"south": {"uv": [0, 0, 6, 1], "texture": "#missing"},
				"west": {"uv": [12, 0, 12.25, 1], "texture": "#1"},
				"up": {"uv": [5, 0, 11, 1], "texture": "#1"},
				"down": {"uv": [0, 0, 6, 0.25], "texture": "#missing"}
			}
		},
		{
			"from": [-0.25, 14.25, 6],
			"to": [0, 15.25, 10],
			"rotation": {"angle": 0, "axis": "y", "origin": [7, 23, 0]},
			"faces": {
				"north": {"uv": [7, 0, 7.25, 1], "texture": "#1"},
				"east": {"uv": [0, 0, 6, 1], "texture": "#missing"},
				"south": {"uv": [12, 0, 12.25, 1], "texture": "#1"},
				"west": {"uv": [8, 1, 12, 2], "texture": "#1"},
				"up": {"uv": [5, 0, 11, 1], "rotation": 270, "texture": "#1"},
				"down": {"uv": [0, 0, 6, 0.25], "rotation": 90, "texture": "#missing"}
			}
		},
		{
			"from": [6, 14.25, 16],
			"to": [10, 15.25, 16.25],
			"rotation": {"angle": 0, "axis": "y", "origin": [0, 23, 9]},
			"faces": {
				"north": {"uv": [0, 0, 6, 1], "texture": "#missing"},
				"east": {"uv": [12, 0, 12.25, 1], "texture": "#1"},
				"south": {"uv": [8, 1, 12, 2], "texture": "#1"},
				"west": {"uv": [7, 0, 7.25, 1], "texture": "#1"},
				"up": {"uv": [5, 0, 11, 1], "rotation": 180, "texture": "#1"},
				"down": {"uv": [0, 0, 6, 0.25], "rotation": 180, "texture": "#missing"}
			}
		},
		{
			"from": [16, 14.25, 6],
			"to": [16.25, 15.25, 10],
			"rotation": {"angle": 0, "axis": "y", "origin": [9, 23, 16]},
			"faces": {
				"north": {"uv": [12, 0, 12.25, 1], "texture": "#1"},
				"east": {"uv": [8, 1, 12, 2], "texture": "#1"},
				"south": {"uv": [7, 0, 7.25, 1], "texture": "#1"},
				"west": {"uv": [0, 0, 6, 1], "texture": "#missing"},
				"up": {"uv": [5, 0, 11, 1], "rotation": 90, "texture": "#1"},
				"down": {"uv": [0, 0, 6, 0.25], "rotation": 270, "texture": "#missing"}
			}
		},
		{
			"from": [7, 13.25, -0.25],
			"to": [9, 14.25, 0],
			"rotation": {"angle": 0, "axis": "y", "origin": [16, 21, 7]},
			"faces": {
				"north": {"uv": [9, 2, 11, 3], "texture": "#1"},
				"east": {"uv": [8, 2, 8.25, 3], "texture": "#1"},
				"south": {"uv": [0, 0, 6, 1], "texture": "#missing"},
				"west": {"uv": [12, 2, 12.25, 3], "texture": "#1"},
				"up": {"uv": [5, 0, 11, 1], "texture": "#1"},
				"down": {"uv": [0, 0, 6, 0.25], "texture": "#missing"}
			}
		},
		{
			"from": [-0.25, 13.25, 7],
			"to": [0, 14.25, 9],
			"rotation": {"angle": 0, "axis": "y", "origin": [7, 23, 0]},
			"faces": {
				"north": {"uv": [8, 2, 8.25, 3], "texture": "#1"},
				"east": {"uv": [0, 0, 6, 1], "texture": "#missing"},
				"south": {"uv": [12, 2, 12.25, 3], "texture": "#1"},
				"west": {"uv": [9, 2, 11, 3], "texture": "#1"},
				"up": {"uv": [5, 0, 11, 1], "rotation": 270, "texture": "#1"},
				"down": {"uv": [0, 0, 6, 0.25], "rotation": 90, "texture": "#missing"}
			}
		},
		{
			"from": [7, 13.25, 16],
			"to": [9, 14.25, 16.25],
			"rotation": {"angle": 0, "axis": "y", "origin": [0, 23, 9]},
			"faces": {
				"north": {"uv": [0, 0, 6, 1], "texture": "#missing"},
				"east": {"uv": [12, 2, 12.25, 3], "texture": "#1"},
				"south": {"uv": [9, 2, 11, 3], "texture": "#1"},
				"west": {"uv": [8, 2, 8.25, 3], "texture": "#1"},
				"up": {"uv": [5, 0, 11, 1], "rotation": 180, "texture": "#1"},
				"down": {"uv": [0, 0, 6, 0.25], "rotation": 180, "texture": "#missing"}
			}
		},
		{
			"from": [16, 13.25, 7],
			"to": [16.25, 14.25, 9],
			"rotation": {"angle": 0, "axis": "y", "origin": [9, 23, 16]},
			"faces": {
				"north": {"uv": [12, 2, 12.25, 3], "texture": "#1"},
				"east": {"uv": [9, 2, 11, 3], "texture": "#1"},
				"south": {"uv": [8, 2, 8.25, 3], "texture": "#1"},
				"west": {"uv": [0, 0, 6, 1], "texture": "#missing"},
				"up": {"uv": [5, 0, 11, 1], "rotation": 90, "texture": "#1"},
				"down": {"uv": [0, 0, 6, 0.25], "rotation": 270, "texture": "#missing"}
			}
		},
		{
			"from": [4, 4, -0.25],
			"to": [12, 12, 0],
			"rotation": {"angle": 0, "axis": "y", "origin": [19, 19, 7]},
			"faces": {
				"north": {"uv": [0, 0, 8, 8], "texture": "#3"},
				"east": {"uv": [0, 0, 0.25, 8], "texture": "#missing"},
				"south": {"uv": [0, 0, 8, 8], "texture": "#missing"},
				"west": {"uv": [0, 0, 0.25, 8], "texture": "#missing"},
				"up": {"uv": [0, 0, 8, 0.25], "texture": "#missing"},
				"down": {"uv": [0, 0, 8, 0.25], "texture": "#missing"}
			}
		},
		{
			"from": [-0.25, 4, 4],
			"to": [0, 12, 12],
			"rotation": {"angle": 0, "axis": "y", "origin": [7, 19, -3]},
			"faces": {
				"north": {"uv": [0, 0, 0.5, 8], "texture": "#missing"},
				"east": {"uv": [0, 0, 8, 8], "texture": "#missing"},
				"south": {"uv": [0, 0, 0.5, 8], "texture": "#missing"},
				"west": {"uv": [8, 0, 16, 8], "texture": "#3"},
				"up": {"uv": [0, 0, 8, 0.5], "rotation": 270, "texture": "#missing"},
				"down": {"uv": [0, 0, 8, 0.5], "rotation": 90, "texture": "#missing"}
			}
		},
		{
			"from": [4, 4, 16],
			"to": [12, 12, 16.25],
			"rotation": {"angle": 0, "axis": "y", "origin": [-3, 19, 9]},
			"faces": {
				"north": {"uv": [0, 0, 8, 8], "texture": "#missing"},
				"east": {"uv": [0, 0, 0.5, 8], "texture": "#missing"},
				"south": {"uv": [8, 8, 16, 16], "texture": "#3"},
				"west": {"uv": [0, 0, 0.5, 8], "texture": "#missing"},
				"up": {"uv": [0, 0, 8, 0.5], "rotation": 180, "texture": "#missing"},
				"down": {"uv": [0, 0, 8, 0.5], "rotation": 180, "texture": "#missing"}
			}
		},
		{
			"from": [16, 4, 4],
			"to": [16.25, 12, 12],
			"rotation": {"angle": 0, "axis": "y", "origin": [9, 19, 19]},
			"faces": {
				"north": {"uv": [0, 0, 0.5, 8], "texture": "#missing"},
				"east": {"uv": [0, 8, 8, 16], "texture": "#3"},
				"south": {"uv": [0, 0, 0.5, 8], "texture": "#missing"},
				"west": {"uv": [0, 0, 8, 8], "texture": "#missing"},
				"up": {"uv": [0, 0, 8, 0.5], "rotation": 90, "texture": "#missing"},
				"down": {"uv": [0, 0, 8, 0.5], "rotation": 270, "texture": "#missing"}
			}
		},
		{
			"from": [3.5, 3.5, -0.5],
			"to": [12.5, 4.5, 0],
			"rotation": {"angle": 0, "axis": "y", "origin": [11.5, 11.5, 7]},
			"faces": {
				"north": {"uv": [0, 7, 9, 8], "texture": "#0"},
				"east": {"uv": [4, 7, 5, 8], "texture": "#0"},
				"south": {"uv": [0, 0, 9, 1], "texture": "#missing"},
				"west": {"uv": [8, 7, 9, 8], "texture": "#0"},
				"up": {"uv": [1, 7, 10, 8], "texture": "#0"},
				"down": {"uv": [1, 7, 10, 8], "texture": "#0"}
			}
		},
		{
			"from": [-0.5, 3.5, 3.5],
			"to": [0, 4.5, 12.5],
			"rotation": {"angle": 0, "axis": "y", "origin": [7, 19, -3]},
			"faces": {
				"north": {"uv": [4, 7, 5, 8], "texture": "#0"},
				"east": {"uv": [0, 0, 9, 1], "texture": "#missing"},
				"south": {"uv": [8, 7, 9, 8], "texture": "#0"},
				"west": {"uv": [0, 7, 9, 8], "texture": "#0"},
				"up": {"uv": [1, 7, 10, 8], "rotation": 270, "texture": "#0"},
				"down": {"uv": [1, 7, 10, 8], "rotation": 90, "texture": "#0"}
			}
		},
		{
			"from": [3.5, 3.5, 16],
			"to": [12.5, 4.5, 16.5],
			"rotation": {"angle": 0, "axis": "y", "origin": [-3, 19, 9]},
			"faces": {
				"north": {"uv": [0, 0, 9, 1], "texture": "#missing"},
				"east": {"uv": [8, 7, 9, 8], "texture": "#0"},
				"south": {"uv": [0, 7, 9, 8], "texture": "#0"},
				"west": {"uv": [4, 7, 5, 8], "texture": "#0"},
				"up": {"uv": [1, 7, 10, 8], "rotation": 180, "texture": "#0"},
				"down": {"uv": [1, 7, 10, 8], "rotation": 180, "texture": "#0"}
			}
		},
		{
			"from": [16, 3.5, 3.5],
			"to": [16.5, 4.5, 12.5],
			"rotation": {"angle": 0, "axis": "y", "origin": [9, 19, 19]},
			"faces": {
				"north": {"uv": [8, 7, 9, 8], "texture": "#0"},
				"east": {"uv": [0, 7, 9, 8], "texture": "#0"},
				"south": {"uv": [4, 7, 5, 8], "texture": "#0"},
				"west": {"uv": [0, 0, 9, 1], "texture": "#missing"},
				"up": {"uv": [1, 7, 10, 8], "rotation": 90, "texture": "#0"},
				"down": {"uv": [1, 7, 10, 8], "rotation": 270, "texture": "#0"}
			}
		},
		{
			"from": [3.5, 11.5, -0.5],
			"to": [12.5, 12.5, 0],
			"rotation": {"angle": 0, "axis": "y", "origin": [11.5, 19.5, 7]},
			"faces": {
				"north": {"uv": [0, 7, 9, 8], "texture": "#0"},
				"east": {"uv": [4, 7, 5, 8], "texture": "#0"},
				"south": {"uv": [0, 0, 9, 1], "texture": "#missing"},
				"west": {"uv": [8, 7, 9, 8], "texture": "#0"},
				"up": {"uv": [1, 7, 10, 8], "texture": "#0"},
				"down": {"uv": [1, 7, 10, 8], "texture": "#0"}
			}
		},
		{
			"from": [-0.5, 11.5, 3.5],
			"to": [0, 12.5, 12.5],
			"rotation": {"angle": 0, "axis": "y", "origin": [7, 19, -3]},
			"faces": {
				"north": {"uv": [4, 7, 5, 8], "texture": "#0"},
				"east": {"uv": [0, 0, 9, 1], "texture": "#missing"},
				"south": {"uv": [8, 7, 9, 8], "texture": "#0"},
				"west": {"uv": [0, 7, 9, 8], "texture": "#0"},
				"up": {"uv": [1, 7, 10, 8], "rotation": 270, "texture": "#0"},
				"down": {"uv": [1, 7, 10, 8], "rotation": 90, "texture": "#0"}
			}
		},
		{
			"from": [3.5, 11.5, 16],
			"to": [12.5, 12.5, 16.5],
			"rotation": {"angle": 0, "axis": "y", "origin": [-3, 19, 9]},
			"faces": {
				"north": {"uv": [0, 0, 9, 1], "texture": "#missing"},
				"east": {"uv": [8, 7, 9, 8], "texture": "#0"},
				"south": {"uv": [0, 7, 9, 8], "texture": "#0"},
				"west": {"uv": [4, 7, 5, 8], "texture": "#0"},
				"up": {"uv": [1, 7, 10, 8], "rotation": 180, "texture": "#0"},
				"down": {"uv": [1, 7, 10, 8], "rotation": 180, "texture": "#0"}
			}
		},
		{
			"from": [16, 11.5, 3.5],
			"to": [16.5, 12.5, 12.5],
			"rotation": {"angle": 0, "axis": "y", "origin": [9, 19, 19]},
			"faces": {
				"north": {"uv": [8, 7, 9, 8], "texture": "#0"},
				"east": {"uv": [0, 7, 9, 8], "texture": "#0"},
				"south": {"uv": [4, 7, 5, 8], "texture": "#0"},
				"west": {"uv": [0, 0, 9, 1], "texture": "#missing"},
				"up": {"uv": [1, 7, 10, 8], "rotation": 90, "texture": "#0"},
				"down": {"uv": [1, 7, 10, 8], "rotation": 270, "texture": "#0"}
			}
		},
		{
			"from": [11.5, 4.5, -0.5],
			"to": [12.5, 11.5, 0],
			"rotation": {"angle": 0, "axis": "y", "origin": [11.5, 12.5, 7]},
			"faces": {
				"north": {"uv": [15, 1, 16, 8], "texture": "#0"},
				"east": {"uv": [15, 1, 16, 8], "texture": "#0"},
				"south": {"uv": [0, 0, 9, 1], "texture": "#missing"},
				"west": {"uv": [15, 1, 16, 8], "texture": "#0"},
				"up": {"uv": [1, 7, 10, 8], "texture": "#0"},
				"down": {"uv": [1, 7, 10, 8], "texture": "#0"}
			}
		},
		{
			"from": [-0.5, 4.5, 3.5],
			"to": [0, 11.5, 4.5],
			"rotation": {"angle": 0, "axis": "y", "origin": [7, 19, -3]},
			"faces": {
				"north": {"uv": [15, 1, 16, 8], "texture": "#0"},
				"east": {"uv": [0, 0, 9, 1], "texture": "#missing"},
				"south": {"uv": [15, 1, 16, 8], "texture": "#0"},
				"west": {"uv": [15, 1, 16, 8], "texture": "#0"},
				"up": {"uv": [1, 7, 10, 8], "rotation": 270, "texture": "#0"},
				"down": {"uv": [1, 7, 10, 8], "rotation": 90, "texture": "#0"}
			}
		},
		{
			"from": [3.5, 4.5, 16],
			"to": [4.5, 11.5, 16.5],
			"rotation": {"angle": 0, "axis": "y", "origin": [-3, 19, 9]},
			"faces": {
				"north": {"uv": [0, 0, 9, 1], "texture": "#missing"},
				"east": {"uv": [15, 1, 16, 8], "texture": "#0"},
				"south": {"uv": [15, 1, 16, 8], "texture": "#0"},
				"west": {"uv": [15, 1, 16, 8], "texture": "#0"},
				"up": {"uv": [1, 7, 10, 8], "rotation": 180, "texture": "#0"},
				"down": {"uv": [1, 7, 10, 8], "rotation": 180, "texture": "#0"}
			}
		},
		{
			"from": [16, 4.5, 11.5],
			"to": [16.5, 11.5, 12.5],
			"rotation": {"angle": 0, "axis": "y", "origin": [9, 19, 19]},
			"faces": {
				"north": {"uv": [15, 1, 16, 8], "texture": "#0"},
				"east": {"uv": [15, 1, 16, 8], "texture": "#0"},
				"south": {"uv": [15, 1, 16, 8], "texture": "#0"},
				"west": {"uv": [0, 0, 9, 1], "texture": "#missing"},
				"up": {"uv": [1, 7, 10, 8], "rotation": 90, "texture": "#0"},
				"down": {"uv": [1, 7, 10, 8], "rotation": 270, "texture": "#0"}
			}
		},
		{
			"from": [3.5, 4.5, -0.5],
			"to": [4.5, 11.5, 0],
			"rotation": {"angle": 0, "axis": "y", "origin": [3.5, 12.5, 7]},
			"faces": {
				"north": {"uv": [15, 1, 16, 8], "texture": "#0"},
				"east": {"uv": [15, 1, 16, 8], "texture": "#0"},
				"south": {"uv": [0, 0, 9, 1], "texture": "#missing"},
				"west": {"uv": [15, 1, 16, 8], "texture": "#0"},
				"up": {"uv": [1, 7, 10, 8], "texture": "#0"},
				"down": {"uv": [1, 7, 10, 8], "texture": "#0"}
			}
		},
		{
			"from": [-0.5, 4.5, 11.5],
			"to": [0, 11.5, 12.5],
			"rotation": {"angle": 0, "axis": "y", "origin": [7, 19, -3]},
			"faces": {
				"north": {"uv": [15, 1, 16, 8], "texture": "#0"},
				"east": {"uv": [0, 0, 9, 1], "texture": "#missing"},
				"south": {"uv": [15, 1, 16, 8], "texture": "#0"},
				"west": {"uv": [15, 1, 16, 8], "texture": "#0"},
				"up": {"uv": [1, 7, 10, 8], "rotation": 270, "texture": "#0"},
				"down": {"uv": [1, 7, 10, 8], "rotation": 90, "texture": "#0"}
			}
		},
		{
			"from": [11.5, 4.5, 16],
			"to": [12.5, 11.5, 16.5],
			"rotation": {"angle": 0, "axis": "y", "origin": [-3, 19, 9]},
			"faces": {
				"north": {"uv": [0, 0, 9, 1], "texture": "#missing"},
				"east": {"uv": [15, 1, 16, 8], "texture": "#0"},
				"south": {"uv": [15, 1, 16, 8], "texture": "#0"},
				"west": {"uv": [15, 1, 16, 8], "texture": "#0"},
				"up": {"uv": [1, 7, 10, 8], "rotation": 180, "texture": "#0"},
				"down": {"uv": [1, 7, 10, 8], "rotation": 180, "texture": "#0"}
			}
		},
		{
			"from": [16, 4.5, 3.5],
			"to": [16.5, 11.5, 4.5],
			"rotation": {"angle": 0, "axis": "y", "origin": [9, 19, 19]},
			"faces": {
				"north": {"uv": [15, 1, 16, 8], "texture": "#0"},
				"east": {"uv": [15, 1, 16, 8], "texture": "#0"},
				"south": {"uv": [15, 1, 16, 8], "texture": "#0"},
				"west": {"uv": [0, 0, 9, 1], "texture": "#missing"},
				"up": {"uv": [1, 7, 10, 8], "rotation": 90, "texture": "#0"},
				"down": {"uv": [1, 7, 10, 8], "rotation": 270, "texture": "#0"}
			}
		}
	],
	"display": {
      	"head": {
            "translation": [ 0, -56, 0 ],
            "scale": [ 1.602, 1.602, 1.602 ]
        }
	}
}