{
 "parent": "item/handheld_rod",
 "textures": {
  "layer0": "item/carrot_on_a_stick"
 },

 "overrides": [
  { "predicate": {"custom_model_data": 800005}, "model": "sipilus:shamanism/dreamcatcher"},
  { "predicate": {"custom_model_data": 800021}, "model": "sipilus:shamanism/animaltotem"},
  { "predicate": {"custom_model_data": 800022}, "model": "sipilus:shamanism/humantotem"},
  { "predicate": {"custom_model_data": 800023}, "model": "sipilus:shamanism/monstertotem"},
  { "predicate": {"custom_model_data": 800024}, "model": "sipilus:shamanism/nethertotem"},
  { "predicate": {"custom_model_data": 800025}, "model": "sipilus:shamanism/endtotem"},
  { "predicate": {"custom_model_data": 800026}, "model": "sipilus:shamanism/animalspiritstaff"},
  { "predicate": {"custom_model_data": 800027}, "model": "sipilus:shamanism/humanspiritstaff"},
  { "predicate": {"custom_model_data": 800028}, "model": "sipilus:shamanism/monsterspiritstaff"},
  { "predicate": {"custom_model_data": 800029}, "model": "sipilus:shamanism/netherspiritstaff"},
  { "predicate": {"custom_model_data": 800030}, "model": "sipilus:shamanism/endspiritstaff"},
  { "predicate": {"custom_model_data": 800033}, "model": "sipilus:shamanism/shamanichood"},
  { "predicate": {"custom_model_data": 800039}, "model": "sipilus:shamanism/spirit_slasher"},
  { "predicate": {"custom_model_data": 800041}, "model": "sipilus:shamanism/mastershamanichood"},
  { "predicate": {"custom_model_data": 800047}, "model": "sipilus:shamanism/releasecharm"},
  { "predicate": {"custom_model_data": 800048}, "model": "sipilus:shamanism/puritycharm"},
  { "predicate": {"custom_model_data": 800050}, "model": "sipilus:shamanism/companion_charm"},
  { "predicate": {"custom_model_data": 800051}, "model": "sipilus:shamanism/flame_charm"},
  { "predicate": {"custom_model_data": 800052}, "model": "sipilus:shamanism/venom_charm"},
  { "predicate": {"custom_model_data": 800053}, "model": "sipilus:shamanism/volley_charm"},
  { "predicate": {"custom_model_data": 800054}, "model": "sipilus:shamanism/warp_charm"},
  { "predicate": {"custom_model_data": 800066}, "model": "sipilus:shamanism/hunthood"},
  { "predicate": {"custom_model_data": 800078}, "model": "sipilus:shamanism/twisted_staff"},
  { "predicate": {"custom_model_data": 800079}, "model": "sipilus:shamanism/twisted_totem"},
  { "predicate": {"custom_model_data": 800080}, "model": "sipilus:shamanism/sharpened_bone"},
  { "predicate": {"custom_model_data": 800081}, "model": "sipilus:shamanism/malevolence_charm"},
  { "predicate": {"custom_model_data": 800082}, "model": "sipilus:shamanism/subjugation_charm"},
  { "predicate": {"custom_model_data": 800084}, "model": "sipilus:shamanism/twistedhood"}
  
  
 ]

 
}