{
    "parent": "item/generated",
    "textures": {
        "layer0": "sorcery/magic_shield"
    },
    "display": {
      "thirdperson_righthand": {
          "rotation": [ 0, 90, 0 ],
          "translation": [ 2.5, -1, 2 ],
          "scale": [ 1, 1, 1 ]
      },
      "thirdperson_lefthand": {
          "rotation": [ 0, 90, 0 ],
          "translation": [ 2.5, -1, 2 ],
          "scale": [ 1, 1, 1 ]
      },
      "firstperson_righthand": {
          "rotation": [ 8, 180, 0 ],
          "translation": [ 10, -8, -10 ],
          "scale": [ 1.5, 1.5, 1.5 ]
      },
      "firstperson_lefthand": {
          "rotation": [ 8, 180, 0 ],
          "translation": [ 10, -8, -10 ],
          "scale": [ 1.5, 1.5, 1.5 ]
      }
    },
    "overrides": [
        {
            "predicate": {
                "blocking": 1
            },
            "model": "item/asdasd"
        }
    ]
}
