{
    "parent": "item/generated",
    "textures": {
        "layer0": "item/white_dye"
    },
        "overrides": [
                { "predicate": {"custom_model_data":83200}, "model": "item/star_dust"},
                { "predicate": {"custom_model_data":83201}, "model": "item/manadiamond"},
				{ "predicate": {"custom_model_data":83202}, "model": "item/cursed_soul"},
				{ "predicate": {"custom_model_data":832700}, "model": "item/witches_hat"},
				{ "predicate": {"custom_model_data":832701}, "model": "item/sorcerers_hat"},
				{ "predicate": {"custom_model_data":832797}, "model": "item/mage/dark_mage"},
				{ "predicate": {"custom_model_data":832798}, "model": "item/mage/dark_mage_r"},
				{ "predicate": {"custom_model_data":832799}, "model": "item/mage/dark_mage_l"}
        ]
}
