{
	"credit": "Made with Blockbench",
	"parent": "block/cube_all",
	"textures": {
		"0": "sorcery/sorcery_table_top",
		"1": "sorcery/sorcery_table_side",
		"2": "sorcery/sorcery_table_bottom",
		"particle": "sorcery/sorcery_table_top"
	},
	"elements": [
		{
			"from": [0, 0, 0],
			"to": [16, 16, 16],
			"faces": {
				"north": {"uv": [0, 0, 16, 16], "texture": "#1"},
				"east": {"uv": [0, 0, 16, 16], "texture": "#1"},
				"south": {"uv": [0, 0, 16, 16], "texture": "#1"},
				"west": {"uv": [0, 0, 16, 16], "texture": "#1"},
				"up": {"uv": [0, 0, 16, 16], "texture": "#0"},
				"down": {"uv": [0, 0, 16, 16], "texture": "#2"}
			}
		}
	],
	"display": {
      	"head": {
            "translation": [ 0, -56, 0 ],
            "scale": [ 1.602, 1.602, 1.602 ]
        }
	}
}
