{
    "parent": "item/generated",
    "textures": {
      "layer0": "item/potion_overlay",
      "layer1": "item/splash_potion"
    },
        "overrides": [
                { "predicate": {"custom_model_data":83401}, "model": "item/brew/thunder_brew"},
				{ "predicate": {"custom_model_data":83402}, "model": "item/brew/fire_brew"},
				{ "predicate": {"custom_model_data":83403}, "model": "item/brew/icy_brew"},
				{ "predicate": {"custom_model_data":83404}, "model": "item/brew/earth_brew"},
				{ "predicate": {"custom_model_data":83405}, "model": "item/brew/ender_brew"},
				{ "predicate": {"custom_model_data":83406}, "model": "item/brew/malum_brew"}
        ]
}
