{
	"credit": "Made with Blockbench",
	"textures": {
		"0": "sorcery/wand_sphere_ignis",
		"1": "sorcery/ignis_symbol",
		"2": "sorcery/wand",
		"particle": "sorcery/wand_sphere_ignis"
	},
	"elements": [
		{
			"from": [7.5, -5, 7.5],
			"to": [8.5, 9.9, 8.5],
			"rotation": {"angle": 0, "axis": "y", "origin": [15.5, 8, 15.5]},
			"faces": {
				"north": {"uv": [0, 0, 1, 14.9], "texture": "#2"},
				"east": {"uv": [0, 0, 1, 14.9], "texture": "#2"},
				"south": {"uv": [0, 0, 1, 14.9], "texture": "#2"},
				"west": {"uv": [0, 0, 1, 14.9], "texture": "#2"},
				"up": {"uv": [0, 0, 1, 1], "texture": "#missing"},
				"down": {"uv": [0, 0, 1, 1], "texture": "#missing"}
			}
		},
		{
			"from": [6.25, 10, 6.25],
			"to": [9.75, 13.5, 9.75],
			"rotation": {"angle": 0, "axis": "y", "origin": [15.5, 18, 15.5]},
			"faces": {
				"north": {"uv": [6, 6, 9.8, 9.8], "texture": "#0"},
				"east": {"uv": [6, 6, 9.8, 9.8], "texture": "#0"},
				"south": {"uv": [6, 6, 9.8, 9.8], "texture": "#0"},
				"west": {"uv": [6, 6, 9.8, 9.8], "texture": "#0"},
				"up": {"uv": [6, 6, 9.8, 9.8], "texture": "#0"},
				"down": {"uv": [6, 6, 9.8, 9.8], "texture": "#0"}
			}
		},
		{
			"from": [7.6, -5.5, 7.6],
			"to": [8.4, -5, 8.4],
			"rotation": {"angle": 0, "axis": "y", "origin": [15.5, 2, 15.5]},
			"faces": {
				"north": {"uv": [0, 15, 1, 15.5], "texture": "#2"},
				"east": {"uv": [0, 15, 1, 15.5], "texture": "#2"},
				"south": {"uv": [0, 15, 1, 15.5], "texture": "#2"},
				"west": {"uv": [0, 15, 1, 15.5], "texture": "#2"},
				"up": {"uv": [0, 0, 0.8, 0.8], "texture": "#missing"},
				"down": {"uv": [0, 0, 0.8, 0.8], "texture": "#missing"}
			}
		},
		{
			"from": [7.5, -6, 7.5],
			"to": [8.5, -5.5, 8.5],
			"rotation": {"angle": 0, "axis": "y", "origin": [15.5, 1.5, 15.5]},
			"faces": {
				"north": {"uv": [0, 15.5, 1, 16], "texture": "#2"},
				"east": {"uv": [0, 15.5, 1, 16], "texture": "#2"},
				"south": {"uv": [0, 15.5, 1, 16], "texture": "#2"},
				"west": {"uv": [0, 15.5, 1, 16], "texture": "#2"},
				"up": {"uv": [0, 15, 1, 16], "texture": "#2"},
				"down": {"uv": [0, 15, 1, 16], "texture": "#2"}
			}
		},
		{
			"from": [5.75, 9.5, 5.75],
			"to": [10.25, 10, 10.25],
			"rotation": {"angle": 0, "axis": "y", "origin": [15.1, 17, 16]},
			"faces": {
				"north": {"uv": [1, 0, 5.5, 0.5], "texture": "#2"},
				"east": {"uv": [1, 0, 5.5, 0.5], "texture": "#2"},
				"south": {"uv": [1, 0, 5.5, 0.5], "texture": "#2"},
				"west": {"uv": [1, 0, 5.5, 0.5], "texture": "#2"},
				"up": {"uv": [1, 0.5, 5.5, 5], "texture": "#2"},
				"down": {"uv": [1, 0.5, 5.5, 5], "texture": "#2"}
			}
		},
		{
			"from": [6.25, 8.5, 6.25],
			"to": [6.75, 9.5, 6.75],
			"rotation": {"angle": 0, "axis": "y", "origin": [15.1, 16.5, 16]},
			"faces": {
				"north": {"uv": [1, 0.5, 1.5, 1.5], "texture": "#2"},
				"east": {"uv": [1, 0.5, 1.5, 1.5], "texture": "#2"},
				"south": {"uv": [1, 0.5, 1.5, 1.5], "texture": "#2"},
				"west": {"uv": [1, 0.5, 1.5, 1.5], "texture": "#2"},
				"up": {"uv": [1, 0.5, 2, 1.5], "texture": "#2"},
				"down": {"uv": [1, 0.5, 2, 1.5], "texture": "#2"}
			}
		},
		{
			"from": [6.25, 8.5, 9.25],
			"to": [6.75, 9.5, 9.75],
			"rotation": {"angle": 0, "axis": "y", "origin": [15.1, 16.5, 19]},
			"faces": {
				"north": {"uv": [1, 0.5, 1.5, 1.5], "texture": "#2"},
				"east": {"uv": [1, 0.5, 1.5, 1.5], "texture": "#2"},
				"south": {"uv": [1, 0.5, 1.5, 1.5], "texture": "#2"},
				"west": {"uv": [1, 0.5, 1.5, 1.5], "texture": "#2"},
				"up": {"uv": [1, 0.5, 2, 1.5], "texture": "#2"},
				"down": {"uv": [1, 0.5, 2, 1.5], "texture": "#2"}
			}
		},
		{
			"from": [9.25, 8.5, 9.25],
			"to": [9.75, 9.5, 9.75],
			"rotation": {"angle": 0, "axis": "y", "origin": [18.1, 16.5, 19]},
			"faces": {
				"north": {"uv": [1, 0.5, 1.5, 1.5], "texture": "#2"},
				"east": {"uv": [1, 0.5, 1.5, 1.5], "texture": "#2"},
				"south": {"uv": [1, 0.5, 1.5, 1.5], "texture": "#2"},
				"west": {"uv": [1, 0.5, 1.5, 1.5], "texture": "#2"},
				"up": {"uv": [1, 0.5, 2, 1.5], "texture": "#2"},
				"down": {"uv": [1, 0.5, 2, 1.5], "texture": "#2"}
			}
		},
		{
			"from": [9.25, 8.5, 6.25],
			"to": [9.75, 9.5, 6.75],
			"rotation": {"angle": 0, "axis": "y", "origin": [18.1, 16.5, 16]},
			"faces": {
				"north": {"uv": [1, 0.5, 1.5, 1.5], "texture": "#2"},
				"east": {"uv": [1, 0.5, 1.5, 1.5], "texture": "#2"},
				"south": {"uv": [1, 0.5, 1.5, 1.5], "texture": "#2"},
				"west": {"uv": [1, 0.5, 1.5, 1.5], "texture": "#2"},
				"up": {"uv": [1, 0.5, 2, 1.5], "texture": "#2"},
				"down": {"uv": [1, 0.5, 2, 1.5], "texture": "#2"}
			}
		},
		{
			"from": [9.25, 9, 5.75],
			"to": [9.75, 9.5, 6.25],
			"rotation": {"angle": 0, "axis": "y", "origin": [18.1, 16.5, 15.5]},
			"faces": {
				"north": {"uv": [1, 1, 1.5, 1.5], "texture": "#2"},
				"east": {"uv": [1, 1, 1.5, 1.5], "texture": "#2"},
				"south": {"uv": [1, 1, 1.5, 1.5], "texture": "#2"},
				"west": {"uv": [1, 1, 1.5, 1.5], "texture": "#2"},
				"up": {"uv": [1, 1, 1.5, 1.5], "texture": "#2"},
				"down": {"uv": [1, 1, 1.5, 1.5], "texture": "#2"}
			}
		},
		{
			"from": [9.75, 9, 6.25],
			"to": [10.25, 9.5, 6.75],
			"rotation": {"angle": 0, "axis": "y", "origin": [18.6, 16.5, 16]},
			"faces": {
				"north": {"uv": [1, 1, 1.5, 1.5], "texture": "#2"},
				"east": {"uv": [1, 1, 1.5, 1.5], "texture": "#2"},
				"south": {"uv": [1, 1, 1.5, 1.5], "texture": "#2"},
				"west": {"uv": [1, 1, 1.5, 1.5], "texture": "#2"},
				"up": {"uv": [1, 1, 1.5, 1.5], "texture": "#2"},
				"down": {"uv": [1, 1, 1.5, 1.5], "texture": "#2"}
			}
		},
		{
			"from": [9.75, 9, 9.25],
			"to": [10.25, 9.5, 9.75],
			"rotation": {"angle": 0, "axis": "y", "origin": [18.6, 16.5, 19]},
			"faces": {
				"north": {"uv": [1, 1, 1.5, 1.5], "texture": "#2"},
				"east": {"uv": [1, 1, 1.5, 1.5], "texture": "#2"},
				"south": {"uv": [1, 1, 1.5, 1.5], "texture": "#2"},
				"west": {"uv": [1, 1, 1.5, 1.5], "texture": "#2"},
				"up": {"uv": [1, 1, 1.5, 1.5], "texture": "#2"},
				"down": {"uv": [1, 1, 1.5, 1.5], "texture": "#2"}
			}
		},
		{
			"from": [9.25, 9, 9.75],
			"to": [9.75, 9.5, 10.25],
			"rotation": {"angle": 0, "axis": "y", "origin": [18.1, 16.5, 19.5]},
			"faces": {
				"north": {"uv": [1, 1, 1.5, 1.5], "texture": "#2"},
				"east": {"uv": [1, 1, 1.5, 1.5], "texture": "#2"},
				"south": {"uv": [1, 1, 1.5, 1.5], "texture": "#2"},
				"west": {"uv": [1, 1, 1.5, 1.5], "texture": "#2"},
				"up": {"uv": [1, 1, 1.5, 1.5], "texture": "#2"},
				"down": {"uv": [1, 1, 1.5, 1.5], "texture": "#2"}
			}
		},
		{
			"from": [6.25, 9, 9.75],
			"to": [6.75, 9.5, 10.25],
			"rotation": {"angle": 0, "axis": "y", "origin": [15.1, 16.5, 19.5]},
			"faces": {
				"north": {"uv": [1, 1, 1.5, 1.5], "texture": "#2"},
				"east": {"uv": [1, 1, 1.5, 1.5], "texture": "#2"},
				"south": {"uv": [1, 1, 1.5, 1.5], "texture": "#2"},
				"west": {"uv": [1, 1, 1.5, 1.5], "texture": "#2"},
				"up": {"uv": [1, 1, 1.5, 1.5], "texture": "#2"},
				"down": {"uv": [1, 1, 1.5, 1.5], "texture": "#2"}
			}
		},
		{
			"from": [5.75, 9, 9.25],
			"to": [6.25, 9.5, 9.75],
			"rotation": {"angle": 0, "axis": "y", "origin": [14.6, 16.5, 19]},
			"faces": {
				"north": {"uv": [1, 1, 1.5, 1.5], "texture": "#2"},
				"east": {"uv": [1, 1, 1.5, 1.5], "texture": "#2"},
				"south": {"uv": [1, 1, 1.5, 1.5], "texture": "#2"},
				"west": {"uv": [1, 1, 1.5, 1.5], "texture": "#2"},
				"up": {"uv": [1, 1, 1.5, 1.5], "texture": "#2"},
				"down": {"uv": [1, 1, 1.5, 1.5], "texture": "#2"}
			}
		},
		{
			"from": [5.75, 9, 6.25],
			"to": [6.25, 9.5, 6.75],
			"rotation": {"angle": 0, "axis": "y", "origin": [14.6, 16.5, 16]},
			"faces": {
				"north": {"uv": [1, 1, 1.5, 1.5], "texture": "#2"},
				"east": {"uv": [1, 1, 1.5, 1.5], "texture": "#2"},
				"south": {"uv": [1, 1, 1.5, 1.5], "texture": "#2"},
				"west": {"uv": [1, 1, 1.5, 1.5], "texture": "#2"},
				"up": {"uv": [1, 1, 1.5, 1.5], "texture": "#2"},
				"down": {"uv": [1, 1, 1.5, 1.5], "texture": "#2"}
			}
		},
		{
			"from": [6.25, 9, 5.75],
			"to": [6.75, 9.5, 6.25],
			"rotation": {"angle": 0, "axis": "y", "origin": [15.1, 16.5, 15.5]},
			"faces": {
				"north": {"uv": [1, 1, 1.5, 1.5], "texture": "#2"},
				"east": {"uv": [1, 1, 1.5, 1.5], "texture": "#2"},
				"south": {"uv": [1, 1, 1.5, 1.5], "texture": "#2"},
				"west": {"uv": [1, 1, 1.5, 1.5], "texture": "#2"},
				"up": {"uv": [1, 1, 1.5, 1.5], "texture": "#2"},
				"down": {"uv": [1, 1, 1.5, 1.5], "texture": "#2"}
			}
		},
		{
			"from": [6.75, 9, 6.75],
			"to": [9.25, 9.5, 9.25],
			"rotation": {"angle": 0, "axis": "y", "origin": [15.1, 16.5, 16]},
			"faces": {
				"north": {"uv": [1, 0, 3.5, 0.5], "texture": "#2"},
				"east": {"uv": [1, 0, 3.5, 0.5], "texture": "#2"},
				"south": {"uv": [1, 0, 3.5, 0.5], "texture": "#2"},
				"west": {"uv": [1, 0, 3.5, 0.5], "texture": "#2"},
				"up": {"uv": [1, 0.5, 3.5, 3], "texture": "#2"},
				"down": {"uv": [1, 0.5, 3.5, 3], "texture": "#2"}
			}
		},
		{
			"from": [8.75, 10, 5.75],
			"to": [10.25, 10.5, 6.25],
			"rotation": {"angle": 0, "axis": "y", "origin": [14.95, 17.5, 11.95]},
			"faces": {
				"north": {"uv": [1, 0, 2.5, 0.5], "texture": "#2"},
				"east": {"uv": [1, 0, 1.5, 0.5], "texture": "#2"},
				"south": {"uv": [1, 0, 2.5, 0.5], "texture": "#2"},
				"west": {"uv": [1, 0, 1.5, 0.5], "texture": "#2"},
				"up": {"uv": [1, 0, 2.5, 0.5], "texture": "#2"},
				"down": {"uv": [1, 0.5, 4, 3.5], "texture": "#2"}
			}
		},
		{
			"from": [8.75, 10, 9.75],
			"to": [10.25, 10.5, 10.25],
			"rotation": {"angle": 0, "axis": "y", "origin": [14.95, 17.5, 15.95]},
			"faces": {
				"north": {"uv": [1, 0, 2.5, 0.5], "texture": "#2"},
				"east": {"uv": [1, 0, 1.5, 0.5], "texture": "#2"},
				"south": {"uv": [1, 0, 2.5, 0.5], "texture": "#2"},
				"west": {"uv": [1, 0, 1.5, 0.5], "texture": "#2"},
				"up": {"uv": [1, 0, 2.5, 0.5], "texture": "#2"},
				"down": {"uv": [1, 0.5, 4, 3.5], "texture": "#2"}
			}
		},
		{
			"from": [5.75, 10, 9.75],
			"to": [7.25, 10.5, 10.25],
			"rotation": {"angle": 0, "axis": "y", "origin": [11.95, 17.5, 15.95]},
			"faces": {
				"north": {"uv": [1, 0, 2.5, 0.5], "texture": "#2"},
				"east": {"uv": [1, 0, 1.5, 0.5], "texture": "#2"},
				"south": {"uv": [1, 0, 2.5, 0.5], "texture": "#2"},
				"west": {"uv": [1, 0, 1.5, 0.5], "texture": "#2"},
				"up": {"uv": [1, 0, 2.5, 0.5], "texture": "#2"},
				"down": {"uv": [1, 0.5, 4, 3.5], "texture": "#2"}
			}
		},
		{
			"from": [5.75, 10, 5.75],
			"to": [7.25, 10.5, 6.25],
			"rotation": {"angle": 0, "axis": "y", "origin": [11.95, 17.5, 11.95]},
			"faces": {
				"north": {"uv": [1, 0, 2.5, 0.5], "texture": "#2"},
				"east": {"uv": [1, 0, 1.5, 0.5], "texture": "#2"},
				"south": {"uv": [1, 0, 2.5, 0.5], "texture": "#2"},
				"west": {"uv": [1, 0, 1.5, 0.5], "texture": "#2"},
				"up": {"uv": [1, 0, 2.5, 0.5], "texture": "#2"},
				"down": {"uv": [1, 0.5, 4, 3.5], "texture": "#2"}
			}
		},
		{
			"from": [5.75, 10.5, 5.75],
			"to": [6.75, 11, 6.25],
			"rotation": {"angle": 0, "axis": "y", "origin": [11.95, 18, 11.95]},
			"faces": {
				"north": {"uv": [1, 0.5, 2, 1], "texture": "#2"},
				"east": {"uv": [1, 0.5, 1.5, 1], "texture": "#2"},
				"south": {"uv": [1, 0.5, 2, 1], "texture": "#2"},
				"west": {"uv": [1, 0.5, 1.5, 1], "texture": "#2"},
				"up": {"uv": [1, 0.5, 2, 1], "texture": "#2"},
				"down": {"uv": [1, 0.5, 4, 3.5], "texture": "#2"}
			}
		},
		{
			"from": [9.25, 10.5, 5.75],
			"to": [10.25, 11, 6.25],
			"rotation": {"angle": 0, "axis": "y", "origin": [15.45, 18, 11.95]},
			"faces": {
				"north": {"uv": [1, 0.5, 2, 1], "texture": "#2"},
				"east": {"uv": [1, 0.5, 1.5, 1], "texture": "#2"},
				"south": {"uv": [1, 0.5, 2, 1], "texture": "#2"},
				"west": {"uv": [1, 0.5, 1.5, 1], "texture": "#2"},
				"up": {"uv": [1, 0.5, 2, 1], "texture": "#2"},
				"down": {"uv": [1, 0.5, 4, 3.5], "texture": "#2"}
			}
		},
		{
			"from": [9.25, 10.5, 9.75],
			"to": [10.25, 11, 10.25],
			"rotation": {"angle": 0, "axis": "y", "origin": [15.45, 18, 15.95]},
			"faces": {
				"north": {"uv": [1, 0.5, 2, 1], "texture": "#2"},
				"east": {"uv": [1, 0.5, 1.5, 1], "texture": "#2"},
				"south": {"uv": [1, 0.5, 2, 1], "texture": "#2"},
				"west": {"uv": [1, 0.5, 1.5, 1], "texture": "#2"},
				"up": {"uv": [1, 0.5, 2, 1], "texture": "#2"},
				"down": {"uv": [1, 0.5, 4, 3.5], "texture": "#2"}
			}
		},
		{
			"from": [9.75, 11, 9.75],
			"to": [10.25, 11.5, 10.25],
			"rotation": {"angle": 0, "axis": "y", "origin": [15.45, 18.5, 15.95]},
			"faces": {
				"north": {"uv": [1, 1, 1.5, 1.5], "texture": "#2"},
				"east": {"uv": [1, 1, 1.5, 1.5], "texture": "#2"},
				"south": {"uv": [1, 1, 1.5, 1.5], "texture": "#2"},
				"west": {"uv": [1, 1, 1.5, 1.5], "texture": "#2"},
				"up": {"uv": [1, 1, 1.5, 1.5], "texture": "#2"},
				"down": {"uv": [1, 1, 1.5, 1.5], "texture": "#2"}
			}
		},
		{
			"from": [5.75, 11, 9.75],
			"to": [6.25, 11.5, 10.25],
			"rotation": {"angle": 0, "axis": "y", "origin": [11.45, 18.5, 15.95]},
			"faces": {
				"north": {"uv": [1, 1, 1.5, 1.5], "texture": "#2"},
				"east": {"uv": [1, 1, 1.5, 1.5], "texture": "#2"},
				"south": {"uv": [1, 1, 1.5, 1.5], "texture": "#2"},
				"west": {"uv": [1, 1, 1.5, 1.5], "texture": "#2"},
				"up": {"uv": [1, 1, 1.5, 1.5], "texture": "#2"},
				"down": {"uv": [1, 1, 1.5, 1.5], "texture": "#2"}
			}
		},
		{
			"from": [5.75, 11, 5.75],
			"to": [6.25, 11.5, 6.25],
			"rotation": {"angle": 0, "axis": "y", "origin": [11.45, 18.5, 11.95]},
			"faces": {
				"north": {"uv": [1, 1, 1.5, 1.5], "texture": "#2"},
				"east": {"uv": [1, 1, 1.5, 1.5], "texture": "#2"},
				"south": {"uv": [1, 1, 1.5, 1.5], "texture": "#2"},
				"west": {"uv": [1, 1, 1.5, 1.5], "texture": "#2"},
				"up": {"uv": [1, 1, 1.5, 1.5], "texture": "#2"},
				"down": {"uv": [1, 1, 1.5, 1.5], "texture": "#2"}
			}
		},
		{
			"from": [9.75, 11, 5.75],
			"to": [10.25, 11.5, 6.25],
			"rotation": {"angle": 0, "axis": "y", "origin": [15.45, 18.5, 11.95]},
			"faces": {
				"north": {"uv": [1, 1, 1.5, 1.5], "texture": "#2"},
				"east": {"uv": [1, 1, 1.5, 1.5], "texture": "#2"},
				"south": {"uv": [1, 1, 1.5, 1.5], "texture": "#2"},
				"west": {"uv": [1, 1, 1.5, 1.5], "texture": "#2"},
				"up": {"uv": [1, 1, 1.5, 1.5], "texture": "#2"},
				"down": {"uv": [1, 1, 1.5, 1.5], "texture": "#2"}
			}
		},
		{
			"from": [9.75, 10, 8.75],
			"to": [10.25, 10.5, 9.75],
			"rotation": {"angle": 0, "axis": "y", "origin": [15.45, 17.5, 15.45]},
			"faces": {
				"north": {"uv": [1, 1, 1.5, 1.5], "texture": "#2"},
				"east": {"uv": [1, 1.5, 2, 2], "texture": "#2"},
				"south": {"uv": [1, 1, 1.5, 1.5], "texture": "#2"},
				"west": {"uv": [1, 1.5, 2, 2], "texture": "#2"},
				"up": {"uv": [1, 1.5, 2, 2], "rotation": 90, "texture": "#2"},
				"down": {"uv": [1, 1, 1.5, 1.5], "texture": "#2"}
			}
		},
		{
			"from": [9.75, 10.5, 9.25],
			"to": [10.25, 11, 9.75],
			"rotation": {"angle": 0, "axis": "y", "origin": [15.45, 18, 15.45]},
			"faces": {
				"north": {"uv": [6, 1.5, 6.5, 2], "texture": "#2"},
				"east": {"uv": [6, 1.5, 6.5, 2], "texture": "#2"},
				"south": {"uv": [6, 1.5, 6.5, 2], "texture": "#2"},
				"west": {"uv": [6, 1.5, 6.5, 2], "texture": "#2"},
				"up": {"uv": [6, 1.5, 6.5, 2], "texture": "#2"},
				"down": {"uv": [6, 1.5, 6.5, 2], "texture": "#2"}
			}
		},
		{
			"from": [9.75, 10.5, 6.25],
			"to": [10.25, 11, 6.75],
			"rotation": {"angle": 0, "axis": "y", "origin": [15.45, 18, 12.45]},
			"faces": {
				"north": {"uv": [6, 1.5, 6.5, 2], "texture": "#2"},
				"east": {"uv": [6, 1.5, 6.5, 2], "texture": "#2"},
				"south": {"uv": [6, 1.5, 6.5, 2], "texture": "#2"},
				"west": {"uv": [6, 1.5, 6.5, 2], "texture": "#2"},
				"up": {"uv": [6, 1.5, 6.5, 2], "texture": "#2"},
				"down": {"uv": [6, 1.5, 6.5, 2], "texture": "#2"}
			}
		},
		{
			"from": [5.75, 10.5, 6.25],
			"to": [6.25, 11, 6.75],
			"rotation": {"angle": 0, "axis": "y", "origin": [11.45, 18, 12.45]},
			"faces": {
				"north": {"uv": [6, 1.5, 6.5, 2], "texture": "#2"},
				"east": {"uv": [6, 1.5, 6.5, 2], "texture": "#2"},
				"south": {"uv": [6, 1.5, 6.5, 2], "texture": "#2"},
				"west": {"uv": [6, 1.5, 6.5, 2], "texture": "#2"},
				"up": {"uv": [6, 1.5, 6.5, 2], "texture": "#2"},
				"down": {"uv": [6, 1.5, 6.5, 2], "texture": "#2"}
			}
		},
		{
			"from": [5.75, 10.5, 9.25],
			"to": [6.25, 11, 9.75],
			"rotation": {"angle": 0, "axis": "y", "origin": [11.45, 18, 15.45]},
			"faces": {
				"north": {"uv": [6, 1.5, 6.5, 2], "texture": "#2"},
				"east": {"uv": [6, 1.5, 6.5, 2], "texture": "#2"},
				"south": {"uv": [6, 1.5, 6.5, 2], "texture": "#2"},
				"west": {"uv": [6, 1.5, 6.5, 2], "texture": "#2"},
				"up": {"uv": [6, 1.5, 6.5, 2], "texture": "#2"},
				"down": {"uv": [6, 1.5, 6.5, 2], "texture": "#2"}
			}
		},
		{
			"from": [5.75, 10, 8.75],
			"to": [6.25, 10.5, 9.75],
			"rotation": {"angle": 0, "axis": "y", "origin": [11.45, 17.5, 15.45]},
			"faces": {
				"north": {"uv": [1, 1, 1.5, 1.5], "texture": "#2"},
				"east": {"uv": [1, 1.5, 2, 2], "texture": "#2"},
				"south": {"uv": [1, 1, 1.5, 1.5], "texture": "#2"},
				"west": {"uv": [1, 1.5, 2, 2], "texture": "#2"},
				"up": {"uv": [1, 1.5, 2, 2], "rotation": 90, "texture": "#2"},
				"down": {"uv": [1, 1, 1.5, 1.5], "texture": "#2"}
			}
		},
		{
			"from": [5.75, 10, 6.25],
			"to": [6.25, 10.5, 7.25],
			"rotation": {"angle": 0, "axis": "y", "origin": [11.45, 17.5, 12.95]},
			"faces": {
				"north": {"uv": [1, 1, 1.5, 1.5], "texture": "#2"},
				"east": {"uv": [1, 1.5, 2, 2], "texture": "#2"},
				"south": {"uv": [1, 1, 1.5, 1.5], "texture": "#2"},
				"west": {"uv": [1, 1.5, 2, 2], "texture": "#2"},
				"up": {"uv": [1, 1.5, 2, 2], "rotation": 90, "texture": "#2"},
				"down": {"uv": [1, 1, 1.5, 1.5], "texture": "#2"}
			}
		},
		{
			"from": [9.75, 10, 6.25],
			"to": [10.25, 10.5, 7.25],
			"rotation": {"angle": 0, "axis": "y", "origin": [15.45, 17.5, 12.95]},
			"faces": {
				"north": {"uv": [1, 1, 1.5, 1.5], "texture": "#2"},
				"east": {"uv": [1, 1.5, 2, 2], "texture": "#2"},
				"south": {"uv": [1, 1, 1.5, 1.5], "texture": "#2"},
				"west": {"uv": [1, 1.5, 2, 2], "texture": "#2"},
				"up": {"uv": [1, 1.5, 2, 2], "rotation": 90, "texture": "#2"},
				"down": {"uv": [1, 1, 1.5, 1.5], "texture": "#2"}
			}
		},
		{
			"from": [5.75, 10.5, 9.75],
			"to": [6.75, 11, 10.25],
			"rotation": {"angle": 0, "axis": "y", "origin": [11.95, 18, 15.95]},
			"faces": {
				"north": {"uv": [1, 0.5, 2, 1], "texture": "#2"},
				"east": {"uv": [1, 0.5, 1.5, 1], "texture": "#2"},
				"south": {"uv": [1, 0.5, 2, 1], "texture": "#2"},
				"west": {"uv": [1, 0.5, 1.5, 1], "texture": "#2"},
				"up": {"uv": [1, 0.5, 2, 1], "texture": "#2"},
				"down": {"uv": [1, 0.5, 4, 3.5], "texture": "#2"}
			}
		},
		{
			"from": [7.25, 8.5, 7.25],
			"to": [8.75, 9, 8.75],
			"rotation": {"angle": 0, "axis": "y", "origin": [15.65, 16, 15.65]},
			"faces": {
				"north": {"uv": [1, 0, 2.5, 0.5], "texture": "#2"},
				"east": {"uv": [1, 0, 2.5, 0.5], "texture": "#2"},
				"south": {"uv": [1, 0, 2.5, 0.5], "texture": "#2"},
				"west": {"uv": [1, 0, 2.5, 0.5], "texture": "#2"},
				"up": {"uv": [1, 0.5, 2.5, 2], "texture": "#2"},
				"down": {"uv": [1, 0.5, 2.5, 2], "texture": "#2"}
			}
		},
		{
			"from": [6.75, 10.5, 6.75],
			"to": [9.25, 13, 9.25],
			"rotation": {"angle": 0, "axis": "y", "origin": [15.5, 19.3, 15.5]},
			"faces": {
				"north": {"uv": [0, 0, 16, 16], "texture": "#1"},
				"east": {"uv": [0, 0, 16, 16], "texture": "#1"},
				"south": {"uv": [0, 0, 16, 16], "texture": "#1"},
				"west": {"uv": [0, 0, 16, 16], "texture": "#1"},
				"up": {"uv": [0, 0, 1, 1], "texture": "#1"},
				"down": {"uv": [0, 0, 1, 1], "texture": "#1"}
			}
		}
	],
	"display": {
		"thirdperson_righthand": {
			"translation": [0, 4, 0]
		},
		"firstperson_righthand": {
			"rotation": [-10, 0, 0],
			"translation": [1.25, 2.75, 1],
			"scale": [0.9, 0.9, 0.9]
		},
		"ground": {
			"translation": [0, 4, 0],
			"scale": [0.7, 0.7, 0.7]
		},
		"gui": {
			"rotation": [0, 35, -43],
			"translation": [1, 2.25, 0],
			"scale": [0.9, 0.9, 0.9]
		},
		"fixed": {
			"translation": [0, 3, 0],
			"scale": [0.9, 0.9, 0.9]
		}
	}
}