{
    "parent": "item/generated",
    "textures": {
        "layer0": "item/white_dye"
    },
        "overrides": [
                { "predicate": {"custom_model_data":83300}, "model": "item/freeze"},
                { "predicate": {"custom_model_data":83301}, "model": "item/star"},
                { "predicate": {"custom_model_data":83302}, "model": "item/star_model"},
                { "predicate": {"custom_model_data":832800}, "model": "item/fluid/fluid"},
                { "predicate": {"custom_model_data":832801}, "model": "item/fluid/mana_fluid"},
				{ "predicate": {"custom_model_data":832802}, "model": "item/fluid/ignis_fluid"},
				{ "predicate": {"custom_model_data":832803}, "model": "item/fluid/glacies_fluid"},
				{ "predicate": {"custom_model_data":832804}, "model": "item/fluid/aerias_fluid"},
				{ "predicate": {"custom_model_data":832805}, "model": "item/fluid/terra_fluid"},
				{ "predicate": {"custom_model_data":832806}, "model": "item/fluid/ender_fluid"},
				{ "predicate": {"custom_model_data":832807}, "model": "item/fluid/malum_fluid"}
        ]
}