{
	"credit": "Made with Blockbench",
	"textures": {
		"0": "sorcery/witches_hat",
		"particle": "sorcery/witches_hat"
	},
	"elements": [
		{
			"from": [3, 0, 3],
			"to": [13, 2, 13],
			"rotation": {"angle": 0, "axis": "y", "origin": [11, 8, 11]},
			"faces": {
				"north": {"uv": [2.5, 2.5, 5, 3], "texture": "#0"},
				"east": {"uv": [2.5, 2.5, 5, 3], "texture": "#0"},
				"south": {"uv": [2.5, 2.5, 5, 3], "texture": "#0"},
				"west": {"uv": [2.5, 2.5, 5, 3], "texture": "#0"},
				"up": {"uv": [2.5, 0, 5, 2.5], "texture": "#0"},
				"down": {"uv": [5, 0, 7.5, 2.5], "texture": "#0"}
			}
		},
		{
			"from": [4.5, 2, 4.5],
			"to": [11.5, 6, 11.5],
			"rotation": {"angle": 0, "axis": "y", "origin": [12.5, 10, 12.5]},
			"faces": {
				"north": {"uv": [1.75, 4.75, 3.5, 5.75], "texture": "#0"},
				"east": {"uv": [0, 4.75, 1.75, 5.75], "texture": "#0"},
				"south": {"uv": [5.25, 4.75, 7, 5.75], "texture": "#0"},
				"west": {"uv": [3.5, 4.75, 5.25, 5.75], "texture": "#0"},
				"up": {"uv": [1.75, 3, 3.5, 4.75], "texture": "#0"},
				"down": {"uv": [0, 0, 7, 7], "texture": "#0"}
			}
		},
		{
			"from": [6, 6, 6],
			"to": [10, 10, 10],
			"rotation": {"angle": 0, "axis": "x", "origin": [14, 14, 14]},
			"faces": {
				"north": {"uv": [1, 6.75, 2, 7.75], "texture": "#0"},
				"east": {"uv": [1, 6.75, 2, 7.75], "texture": "#0"},
				"south": {"uv": [1, 6.75, 2, 7.75], "texture": "#0"},
				"west": {"uv": [1, 6.75, 2, 7.75], "texture": "#0"},
				"up": {"uv": [1, 5.75, 2, 6.75], "texture": "#0"},
				"down": {"uv": [0, 0, 4, 4], "texture": "#missing"}
			}
		},
		{
			"from": [3.9, 12, 7.5],
			"to": [4.9, 14, 8.5],
			"rotation": {"angle": 22.5, "axis": "z", "origin": [11.9, 20, 15.5]},
			"faces": {
				"north": {"uv": [0.25, 8, 0.5, 8.5], "texture": "#0"},
				"east": {"uv": [0.25, 8, 0.5, 8.5], "texture": "#0"},
				"south": {"uv": [0.25, 8, 0.5, 8.5], "texture": "#0"},
				"west": {"uv": [0.25, 8, 0.5, 8.5], "texture": "#0"},
				"up": {"uv": [0.25, 7.75, 0.5, 8], "texture": "#0"},
				"down": {"uv": [0, 0, 1, 1], "texture": "#missing"}
			}
		}
	],
	"display": {
		"thirdperson_righthand": {
			"translation": [0, 3.75, 0],
			"scale": [0.5, 0.5, 0.5]
		},
		"thirdperson_lefthand": {
			"translation": [0, 3.75, 0],
			"scale": [0.5, 0.5, 0.5]
		},
		"firstperson_righthand": {
			"rotation": [0, 125, 0],
			"translation": [1.75, 5, 0.5],
			"scale": [0.6, 0.6, 0.6]
		},
		"ground": {
			"scale": [0.6, 0.6, 0.6]
		},
		"gui": {
			"rotation": [22.5, 125, 0],
			"translation": [0, 3.25, 0]
		},
		"head": {
			"translation": [0, 18, 0],
			"scale": [1.5, 1.5, 1.5]
		},
		"fixed": {
			"translation": [0, 3, 0]
		}
	}
}