{
	"credit": "Made with Blockbench",
	"textures": {
		"0": "sorcery/wand_sphere",
		"2": "sorcery/none",
		"3": "sorcery/wand",
		"particle": "sorcery/wand"
	},
	"elements": [
		{
			"from": [7.6, 7.95, 7.6],
			"to": [8.4, 8.15, 8.4],
			"rotation": {"angle": 0, "axis": "y", "origin": [8.1, 15.95, 8.1]},
			"faces": {
				"north": {"uv": [0, 0, 0.8, 0.2], "texture": "#0"},
				"east": {"uv": [0, 0, 0.8, 0.2], "texture": "#0"},
				"south": {"uv": [0, 0, 0.8, 0.2], "texture": "#0"},
				"west": {"uv": [0, 0, 0.8, 0.2], "texture": "#0"},
				"up": {"uv": [0, 0, 0.8, 0.8], "texture": "#0"},
				"down": {"uv": [6, 6, 10, 10], "texture": "#0"}
			}
		},
		{
			"from": [7.6, 9.75, 7.6],
			"to": [8.4, 9.95, 8.4],
			"rotation": {"angle": 0, "axis": "y", "origin": [8.1, 15.95, 8.1]},
			"faces": {
				"north": {"uv": [0, 0, 0.8, 0.2], "texture": "#0"},
				"east": {"uv": [0, 0, 0.8, 0.2], "texture": "#0"},
				"south": {"uv": [0, 0, 0.8, 0.2], "texture": "#0"},
				"west": {"uv": [0, 0, 0.8, 0.2], "texture": "#0"},
				"up": {"uv": [6, 6, 10, 10], "texture": "#0"},
				"down": {"uv": [0, 0, 0.8, 0.8], "texture": "#0"}
			}
		},
		{
			"from": [7.6, 7.95, 8.4],
			"to": [8.4, 8.15, 8.6],
			"rotation": {"angle": 0, "axis": "y", "origin": [8.1, 15.95, 8.1]},
			"faces": {
				"north": {"uv": [0, 0, 0.8, 0.2], "texture": "#0"},
				"east": {"uv": [5, 12, 6, 13], "texture": "#0"},
				"south": {"uv": [6, 12, 10, 13], "texture": "#0"},
				"west": {"uv": [10, 12, 11, 13], "texture": "#0"},
				"up": {"uv": [0, 0, 0.8, 0.2], "texture": "#0"},
				"down": {"uv": [6, 10, 10, 11], "texture": "#0"}
			}
		},
		{
			"from": [7.6, 9.75, 8.4],
			"to": [8.4, 9.95, 8.6],
			"rotation": {"angle": 0, "axis": "y", "origin": [8.1, 15.95, 8.1]},
			"faces": {
				"north": {"uv": [0, 0, 0.8, 0.2], "texture": "#0"},
				"east": {"uv": [5, 3, 6, 4], "texture": "#0"},
				"south": {"uv": [6, 3, 10, 4], "texture": "#0"},
				"west": {"uv": [10, 3, 11, 4], "texture": "#0"},
				"up": {"uv": [6, 5, 10, 6], "texture": "#0"},
				"down": {"uv": [0, 0, 0.8, 0.2], "texture": "#0"}
			}
		},
		{
			"from": [7.6, 8.15, 8.6],
			"to": [8.4, 8.35, 8.8],
			"rotation": {"angle": 0, "axis": "y", "origin": [8.1, 15.95, 8.1]},
			"faces": {
				"north": {"uv": [0, 0, 0.8, 0.2], "texture": "#0"},
				"east": {"uv": [4, 11, 5, 12], "texture": "#0"},
				"south": {"uv": [6, 11, 10, 12], "texture": "#0"},
				"west": {"uv": [11, 11, 12, 12], "texture": "#0"},
				"up": {"uv": [0, 0, 0.8, 0.2], "texture": "#0"},
				"down": {"uv": [6, 11, 10, 12], "texture": "#0"}
			}
		},
		{
			"from": [7.6, 9.55, 8.6],
			"to": [8.4, 9.75, 8.8],
			"rotation": {"angle": 0, "axis": "y", "origin": [8.1, 15.95, 8.1]},
			"faces": {
				"north": {"uv": [0, 0, 0.8, 0.2], "texture": "#0"},
				"east": {"uv": [4, 4, 5, 5], "texture": "#0"},
				"south": {"uv": [6, 4, 10, 5], "texture": "#0"},
				"west": {"uv": [11, 4, 12, 5], "texture": "#0"},
				"up": {"uv": [6, 4, 10, 5], "texture": "#0"},
				"down": {"uv": [0, 0, 0.8, 0.2], "texture": "#0"}
			}
		},
		{
			"from": [7.6, 8.35, 8.8],
			"to": [8.4, 8.55, 9],
			"rotation": {"angle": 0, "axis": "y", "origin": [8.1, 15.95, 8.1]},
			"faces": {
				"north": {"uv": [0, 0, 0.8, 0.2], "texture": "#0"},
				"east": {"uv": [3, 10, 4, 11], "texture": "#0"},
				"south": {"uv": [6, 10, 10, 11], "texture": "#0"},
				"west": {"uv": [12, 10, 13, 11], "texture": "#0"},
				"up": {"uv": [0, 0, 0.8, 0.2], "texture": "#0"},
				"down": {"uv": [6, 12, 10, 13], "texture": "#0"}
			}
		},
		{
			"from": [7.6, 8.35, 7],
			"to": [8.4, 8.55, 7.2],
			"rotation": {"angle": 0, "axis": "y", "origin": [8.1, 15.95, 8.1]},
			"faces": {
				"north": {"uv": [6, 11, 9.8, 12.2], "texture": "#0"},
				"east": {"uv": [12, 10, 13, 11], "texture": "#0"},
				"south": {"uv": [0, 0, 0.8, 0.2], "texture": "#0"},
				"west": {"uv": [3, 10, 4, 11], "texture": "#0"},
				"up": {"uv": [0, 0, 0.8, 0.2], "texture": "#0"},
				"down": {"uv": [6, 3, 10, 4], "texture": "#0"}
			}
		},
		{
			"from": [7.6, 9.35, 8.8],
			"to": [8.4, 9.55, 9],
			"rotation": {"angle": 0, "axis": "y", "origin": [8.1, 15.95, 8.1]},
			"faces": {
				"north": {"uv": [0, 0, 0.8, 0.2], "texture": "#0"},
				"east": {"uv": [3, 5, 4, 6], "texture": "#0"},
				"south": {"uv": [6, 5, 10, 6], "texture": "#0"},
				"west": {"uv": [12, 5, 13, 6], "texture": "#0"},
				"up": {"uv": [6, 3, 10, 4], "texture": "#0"},
				"down": {"uv": [0, 0, 0.8, 0.2], "texture": "#0"}
			}
		},
		{
			"from": [7.6, 9.35, 7],
			"to": [8.4, 9.55, 7.2],
			"rotation": {"angle": 0, "axis": "y", "origin": [8.1, 15.95, 8.1]},
			"faces": {
				"north": {"uv": [6, 5, 10, 6.2], "texture": "#0"},
				"east": {"uv": [12, 5, 13, 6], "texture": "#0"},
				"south": {"uv": [0, 0, 0.8, 0.2], "texture": "#0"},
				"west": {"uv": [3, 5, 4, 6], "texture": "#0"},
				"up": {"uv": [6, 12, 10, 13], "texture": "#0"},
				"down": {"uv": [0, 0, 0.8, 0.2], "texture": "#0"}
			}
		},
		{
			"from": [7.6, 8.55, 8.8],
			"to": [8.4, 9.35, 9],
			"rotation": {"angle": 0, "axis": "y", "origin": [8.1, 15.95, 8.1]},
			"faces": {
				"north": {"uv": [0, 0, 0.8, 0.8], "texture": "#0"},
				"east": {"uv": [0, 0, 0.2, 0.8], "texture": "#0"},
				"south": {"uv": [6, 6, 10, 10], "texture": "#0"},
				"west": {"uv": [0, 0, 0.2, 0.8], "texture": "#0"},
				"up": {"uv": [0, 0, 0.8, 0.2], "texture": "#0"},
				"down": {"uv": [0, 0, 0.8, 0.2], "texture": "#0"}
			}
		},
		{
			"from": [7.6, 8.55, 7],
			"to": [8.4, 9.35, 7.2],
			"rotation": {"angle": 0, "axis": "y", "origin": [8.1, 15.95, 8.1]},
			"faces": {
				"north": {"uv": [6, 6, 10, 10], "texture": "#0"},
				"east": {"uv": [0, 0, 0.2, 0.8], "texture": "#0"},
				"south": {"uv": [0, 0, 0.8, 0.8], "texture": "#0"},
				"west": {"uv": [0, 0, 0.2, 0.8], "texture": "#0"},
				"up": {"uv": [0, 0, 0.8, 0.2], "texture": "#0"},
				"down": {"uv": [0, 0, 0.8, 0.2], "texture": "#0"}
			}
		},
		{
			"from": [8.8, 8.55, 7.6],
			"to": [9, 9.35, 8.4],
			"rotation": {"angle": 0, "axis": "y", "origin": [8.1, 15.95, 8.1]},
			"faces": {
				"north": {"uv": [0, 0, 0.2, 0.8], "texture": "#0"},
				"east": {"uv": [6, 6, 10, 10], "texture": "#0"},
				"south": {"uv": [0, 0, 0.2, 0.8], "texture": "#0"},
				"west": {"uv": [0, 0, 0.8, 0.8], "texture": "#0"},
				"up": {"uv": [0, 0, 0.2, 0.8], "texture": "#0"},
				"down": {"uv": [0, 0, 0.2, 0.8], "texture": "#0"}
			}
		},
		{
			"from": [7, 8.55, 7.6],
			"to": [7.2, 9.35, 8.4],
			"rotation": {"angle": 0, "axis": "y", "origin": [8.1, 15.95, 8.1]},
			"faces": {
				"north": {"uv": [0, 0, 0.2, 0.8], "texture": "#0"},
				"east": {"uv": [0, 0, 0.8, 0.8], "texture": "#0"},
				"south": {"uv": [0, 0, 0.2, 0.8], "texture": "#0"},
				"west": {"uv": [6, 6, 10, 10], "texture": "#0"},
				"up": {"uv": [0, 0, 0.2, 0.8], "texture": "#0"},
				"down": {"uv": [0, 0, 0.2, 0.8], "texture": "#0"}
			}
		},
		{
			"from": [8.4, 8.55, 8.8],
			"to": [8.6, 9.35, 9],
			"rotation": {"angle": 0, "axis": "y", "origin": [8.1, 15.95, 8.1]},
			"faces": {
				"north": {"uv": [0, 0, 0.2, 0.8], "texture": "#0"},
				"east": {"uv": [3, 6, 4, 10], "texture": "#0"},
				"south": {"uv": [10, 6, 11, 10], "texture": "#0"},
				"west": {"uv": [0, 0, 0.2, 0.8], "texture": "#0"},
				"up": {"uv": [5, 3, 6, 4], "texture": "#0"},
				"down": {"uv": [5, 12, 6, 13], "texture": "#0"}
			}
		},
		{
			"from": [8.4, 8.55, 7],
			"to": [8.6, 9.35, 7.2],
			"rotation": {"angle": 0, "axis": "y", "origin": [8.1, 15.95, 8.1]},
			"faces": {
				"north": {"uv": [5, 6, 6, 10], "texture": "#0"},
				"east": {"uv": [12, 6, 13, 10], "texture": "#0"},
				"south": {"uv": [0, 0, 0.2, 0.8], "texture": "#0"},
				"west": {"uv": [0, 0, 0.2, 0.8], "texture": "#0"},
				"up": {"uv": [5, 12, 6, 13], "texture": "#0"},
				"down": {"uv": [5, 3, 6, 4], "texture": "#0"}
			}
		},
		{
			"from": [7.4, 8.55, 8.8],
			"to": [7.6, 9.35, 9],
			"rotation": {"angle": 0, "axis": "y", "origin": [8.1, 15.95, 8.1]},
			"faces": {
				"north": {"uv": [0, 0, 0.2, 0.8], "texture": "#0"},
				"east": {"uv": [0, 0, 0.2, 0.8], "texture": "#0"},
				"south": {"uv": [5, 6, 6, 10], "texture": "#0"},
				"west": {"uv": [12, 6, 13, 10], "texture": "#0"},
				"up": {"uv": [10, 3, 11, 4], "texture": "#0"},
				"down": {"uv": [10, 12, 11, 13], "texture": "#0"}
			}
		},
		{
			"from": [7.4, 8.55, 7],
			"to": [7.6, 9.35, 7.2],
			"rotation": {"angle": 0, "axis": "y", "origin": [8.1, 15.95, 8.1]},
			"faces": {
				"north": {"uv": [10, 6, 11, 10], "texture": "#0"},
				"east": {"uv": [0, 0, 0.2, 0.8], "texture": "#0"},
				"south": {"uv": [0, 0, 0.2, 0.8], "texture": "#0"},
				"west": {"uv": [3, 6, 4, 10], "texture": "#0"},
				"up": {"uv": [10, 12, 11, 13], "texture": "#0"},
				"down": {"uv": [10, 3, 11, 4], "texture": "#0"}
			}
		},
		{
			"from": [7.2, 8.55, 8.6],
			"to": [7.4, 9.35, 8.8],
			"rotation": {"angle": 0, "axis": "y", "origin": [8.1, 15.95, 8.1]},
			"faces": {
				"north": {"uv": [0, 0, 0.2, 0.8], "texture": "#0"},
				"east": {"uv": [0, 0, 0.2, 0.8], "texture": "#0"},
				"south": {"uv": [4, 6, 5, 10], "texture": "#0"},
				"west": {"uv": [11, 6, 12, 10], "texture": "#0"},
				"up": {"uv": [11, 4, 12, 5], "texture": "#0"},
				"down": {"uv": [11, 11, 12, 12], "texture": "#0"}
			}
		},
		{
			"from": [7.2, 8.55, 7.2],
			"to": [7.4, 9.35, 7.4],
			"rotation": {"angle": 0, "axis": "y", "origin": [8.1, 15.95, 8.1]},
			"faces": {
				"north": {"uv": [11, 6, 12, 10], "texture": "#0"},
				"east": {"uv": [0, 0, 0.2, 0.8], "texture": "#0"},
				"south": {"uv": [0, 0, 0.2, 0.8], "texture": "#0"},
				"west": {"uv": [4, 6, 5, 10], "texture": "#0"},
				"up": {"uv": [11, 11, 12, 12], "texture": "#0"},
				"down": {"uv": [11, 4, 12, 5], "texture": "#0"}
			}
		},
		{
			"from": [8.6, 8.55, 7.2],
			"to": [8.8, 9.35, 7.4],
			"rotation": {"angle": 0, "axis": "y", "origin": [8.1, 15.95, 8.1]},
			"faces": {
				"north": {"uv": [4, 6, 5, 10], "texture": "#0"},
				"east": {"uv": [11, 6, 12, 10], "texture": "#0"},
				"south": {"uv": [0, 0, 0.2, 0.8], "texture": "#0"},
				"west": {"uv": [0, 0, 0.2, 0.8], "texture": "#0"},
				"up": {"uv": [4, 11, 5, 12], "texture": "#0"},
				"down": {"uv": [4, 4, 5, 5], "texture": "#0"}
			}
		},
		{
			"from": [8.6, 8.55, 8.6],
			"to": [8.8, 9.35, 8.8],
			"rotation": {"angle": 0, "axis": "y", "origin": [8.1, 15.95, 8.1]},
			"faces": {
				"north": {"uv": [0, 0, 0.2, 0.8], "texture": "#0"},
				"east": {"uv": [4, 6, 5, 10], "texture": "#0"},
				"south": {"uv": [11, 6, 12, 10], "texture": "#0"},
				"west": {"uv": [0, 0, 0.2, 0.8], "texture": "#0"},
				"up": {"uv": [4, 4, 5, 5], "texture": "#0"},
				"down": {"uv": [4, 11, 5, 12], "texture": "#0"}
			}
		},
		{
			"from": [8.8, 8.55, 8.4],
			"to": [9, 9.35, 8.6],
			"rotation": {"angle": 0, "axis": "y", "origin": [8.1, 15.95, 8.1]},
			"faces": {
				"north": {"uv": [0, 0, 0.2, 0.8], "texture": "#0"},
				"east": {"uv": [5, 6, 6, 10], "texture": "#0"},
				"south": {"uv": [12, 6, 13, 10], "texture": "#0"},
				"west": {"uv": [0, 0, 0.2, 0.8], "texture": "#0"},
				"up": {"uv": [3, 5, 4, 6], "texture": "#0"},
				"down": {"uv": [3, 10, 4, 11], "texture": "#0"}
			}
		},
		{
			"from": [7, 8.55, 8.4],
			"to": [7.2, 9.35, 8.6],
			"rotation": {"angle": 0, "axis": "y", "origin": [8.1, 15.95, 8.1]},
			"faces": {
				"north": {"uv": [0, 0, 0.2, 0.8], "texture": "#0"},
				"east": {"uv": [0, 0, 0.2, 0.8], "texture": "#0"},
				"south": {"uv": [3, 6, 4, 10], "texture": "#0"},
				"west": {"uv": [10, 6, 11, 10], "texture": "#0"},
				"up": {"uv": [12, 5, 13, 6], "texture": "#0"},
				"down": {"uv": [12, 10, 13, 11], "texture": "#0"}
			}
		},
		{
			"from": [8.8, 8.55, 7.4],
			"to": [9, 9.35, 7.6],
			"rotation": {"angle": 0, "axis": "y", "origin": [8.1, 15.95, 8.1]},
			"faces": {
				"north": {"uv": [3, 6, 4, 10], "texture": "#0"},
				"east": {"uv": [10, 6, 11, 10], "texture": "#0"},
				"south": {"uv": [0, 0, 0.2, 0.8], "texture": "#0"},
				"west": {"uv": [0, 0, 0.2, 0.8], "texture": "#0"},
				"up": {"uv": [3, 10, 4, 11], "texture": "#0"},
				"down": {"uv": [3, 5, 4, 6], "texture": "#0"}
			}
		},
		{
			"from": [7, 8.55, 7.4],
			"to": [7.2, 9.35, 7.6],
			"rotation": {"angle": 0, "axis": "y", "origin": [8.1, 15.95, 8.1]},
			"faces": {
				"north": {"uv": [12, 6, 13, 10], "texture": "#0"},
				"east": {"uv": [0, 0, 0.2, 0.8], "texture": "#0"},
				"south": {"uv": [0, 0, 0.2, 0.8], "texture": "#0"},
				"west": {"uv": [5, 6, 6, 10], "texture": "#0"},
				"up": {"uv": [12, 10, 13, 11], "texture": "#0"},
				"down": {"uv": [12, 5, 13, 6], "texture": "#0"}
			}
		},
		{
			"from": [7.4, 8.15, 8.4],
			"to": [7.6, 8.35, 8.6],
			"rotation": {"angle": 0, "axis": "y", "origin": [8.1, 15.95, 8.1]},
			"faces": {
				"north": {"uv": [0, 0, 0.2, 0.2], "texture": "#0"},
				"east": {"uv": [0, 0, 0.2, 0.2], "texture": "#0"},
				"south": {"uv": [5, 11, 6, 12], "texture": "#0"},
				"west": {"uv": [10, 11, 11, 12], "texture": "#0"},
				"up": {"uv": [0, 0, 0.2, 0.2], "texture": "#0"},
				"down": {"uv": [10, 10, 11, 11], "texture": "#0"}
			}
		},
		{
			"from": [7.4, 9.55, 8.4],
			"to": [7.6, 9.75, 8.6],
			"rotation": {"angle": 0, "axis": "y", "origin": [8.1, 15.95, 8.1]},
			"faces": {
				"north": {"uv": [0, 0, 0.2, 0.2], "texture": "#0"},
				"east": {"uv": [0, 0, 0.2, 0.2], "texture": "#0"},
				"south": {"uv": [5, 4, 6, 5], "texture": "#0"},
				"west": {"uv": [10, 4, 11, 5], "texture": "#0"},
				"up": {"uv": [10, 5, 11, 6], "texture": "#0"},
				"down": {"uv": [0, 0, 0.2, 0.2], "texture": "#0"}
			}
		},
		{
			"from": [7.4, 8.35, 8.6],
			"to": [7.6, 8.55, 8.8],
			"rotation": {"angle": 0, "axis": "y", "origin": [8.1, 15.95, 8.1]},
			"faces": {
				"north": {"uv": [0, 0, 0.2, 0.2], "texture": "#0"},
				"east": {"uv": [0, 0, 0.2, 0.2], "texture": "#0"},
				"south": {"uv": [5, 10, 6, 11], "texture": "#0"},
				"west": {"uv": [11, 10, 12, 11], "texture": "#0"},
				"up": {"uv": [0, 0, 0.2, 0.2], "texture": "#0"},
				"down": {"uv": [10, 11, 11, 12], "texture": "#0"}
			}
		},
		{
			"from": [7.4, 9.35, 8.6],
			"to": [7.6, 9.55, 8.8],
			"rotation": {"angle": 0, "axis": "y", "origin": [8.1, 15.95, 8.1]},
			"faces": {
				"north": {"uv": [0, 0, 0.2, 0.2], "texture": "#0"},
				"east": {"uv": [0, 0, 0.2, 0.2], "texture": "#0"},
				"south": {"uv": [5, 5, 6, 6], "texture": "#0"},
				"west": {"uv": [11, 5, 12, 6], "texture": "#0"},
				"up": {"uv": [10, 4, 11, 5], "texture": "#0"},
				"down": {"uv": [0, 0, 0.2, 0.2], "texture": "#0"}
			}
		},
		{
			"from": [8.4, 8.35, 8.6],
			"to": [8.6, 8.55, 8.8],
			"rotation": {"angle": 0, "axis": "y", "origin": [8.1, 15.95, 8.1]},
			"faces": {
				"north": {"uv": [0, 0, 0.2, 0.2], "texture": "#0"},
				"east": {"uv": [4, 10, 5, 11], "texture": "#0"},
				"south": {"uv": [10, 10, 11, 11], "texture": "#0"},
				"west": {"uv": [0, 0, 0.2, 0.2], "texture": "#0"},
				"up": {"uv": [0, 0, 0.2, 0.2], "texture": "#0"},
				"down": {"uv": [5, 11, 6, 12], "texture": "#0"}
			}
		},
		{
			"from": [8.4, 9.35, 8.6],
			"to": [8.6, 9.55, 8.8],
			"rotation": {"angle": 0, "axis": "y", "origin": [8.1, 15.95, 8.1]},
			"faces": {
				"north": {"uv": [0, 0, 0.2, 0.2], "texture": "#0"},
				"east": {"uv": [4, 5, 5, 6], "texture": "#0"},
				"south": {"uv": [10, 5, 11, 6], "texture": "#0"},
				"west": {"uv": [0, 0, 0.2, 0.2], "texture": "#0"},
				"up": {"uv": [5, 4, 6, 5], "texture": "#0"},
				"down": {"uv": [0, 0, 0.2, 0.2], "texture": "#0"}
			}
		},
		{
			"from": [7.4, 8.35, 7.2],
			"to": [7.6, 8.55, 7.4],
			"rotation": {"angle": 0, "axis": "y", "origin": [8.1, 15.95, 8.1]},
			"faces": {
				"north": {"uv": [10, 10, 11, 11], "texture": "#0"},
				"east": {"uv": [0, 0, 0.2, 0.2], "texture": "#0"},
				"south": {"uv": [0, 0, 0.2, 0.2], "texture": "#0"},
				"west": {"uv": [4, 10, 5, 11], "texture": "#0"},
				"up": {"uv": [0, 0, 0.2, 0.2], "texture": "#0"},
				"down": {"uv": [10, 4, 11, 5], "texture": "#0"}
			}
		},
		{
			"from": [7.4, 9.35, 7.2],
			"to": [7.6, 9.55, 7.4],
			"rotation": {"angle": 0, "axis": "y", "origin": [8.1, 15.95, 8.1]},
			"faces": {
				"north": {"uv": [10, 5, 11, 6], "texture": "#0"},
				"east": {"uv": [0, 0, 0.2, 0.2], "texture": "#0"},
				"south": {"uv": [0, 0, 0.2, 0.2], "texture": "#0"},
				"west": {"uv": [4, 5, 5, 6], "texture": "#0"},
				"up": {"uv": [10, 11, 11, 12], "texture": "#0"},
				"down": {"uv": [0, 0, 0.2, 0.2], "texture": "#0"}
			}
		},
		{
			"from": [8.4, 8.35, 7.2],
			"to": [8.6, 8.55, 7.4],
			"rotation": {"angle": 0, "axis": "y", "origin": [8.1, 15.95, 8.1]},
			"faces": {
				"north": {"uv": [5, 10, 6, 11], "texture": "#0"},
				"east": {"uv": [11, 10, 12, 11], "texture": "#0"},
				"south": {"uv": [0, 0, 0.2, 0.2], "texture": "#0"},
				"west": {"uv": [0, 0, 0.2, 0.2], "texture": "#0"},
				"up": {"uv": [0, 0, 0.2, 0.2], "texture": "#0"},
				"down": {"uv": [5, 4, 6, 5], "texture": "#0"}
			}
		},
		{
			"from": [8.4, 9.35, 7.2],
			"to": [8.6, 9.55, 7.4],
			"rotation": {"angle": 0, "axis": "y", "origin": [8.1, 15.95, 8.1]},
			"faces": {
				"north": {"uv": [5, 5, 6, 6], "texture": "#0"},
				"east": {"uv": [11, 5, 12, 6], "texture": "#0"},
				"south": {"uv": [0, 0, 0.2, 0.2], "texture": "#0"},
				"west": {"uv": [0, 0, 0.2, 0.2], "texture": "#0"},
				"up": {"uv": [5, 11, 6, 12], "texture": "#0"},
				"down": {"uv": [0, 0, 0.2, 0.2], "texture": "#0"}
			}
		},
		{
			"from": [7.2, 8.35, 8.4],
			"to": [7.4, 8.55, 8.6],
			"rotation": {"angle": 0, "axis": "y", "origin": [8.1, 15.95, 8.1]},
			"faces": {
				"north": {"uv": [0, 0, 0.2, 0.2], "texture": "#0"},
				"east": {"uv": [0, 0, 0.2, 0.2], "texture": "#0"},
				"south": {"uv": [4, 10, 5, 11], "texture": "#0"},
				"west": {"uv": [10, 10, 11, 11], "texture": "#0"},
				"up": {"uv": [0, 0, 0.2, 0.2], "texture": "#0"},
				"down": {"uv": [11, 10, 12, 11], "texture": "#0"}
			}
		},
		{
			"from": [7.2, 9.35, 8.4],
			"to": [7.4, 9.55, 8.6],
			"rotation": {"angle": 0, "axis": "y", "origin": [8.1, 15.95, 8.1]},
			"faces": {
				"north": {"uv": [0, 0, 0.2, 0.2], "texture": "#0"},
				"east": {"uv": [0, 0, 0.2, 0.2], "texture": "#0"},
				"south": {"uv": [4, 5, 5, 6], "texture": "#0"},
				"west": {"uv": [10, 5, 11, 6], "texture": "#0"},
				"up": {"uv": [11, 5, 12, 6], "texture": "#0"},
				"down": {"uv": [0, 0, 0.2, 0.2], "texture": "#0"}
			}
		},
		{
			"from": [8.6, 8.35, 8.4],
			"to": [8.8, 8.55, 8.6],
			"rotation": {"angle": 0, "axis": "y", "origin": [8.1, 15.95, 8.1]},
			"faces": {
				"north": {"uv": [0, 0, 0.2, 0.2], "texture": "#0"},
				"east": {"uv": [5, 10, 6, 11], "texture": "#0"},
				"south": {"uv": [11, 10, 12, 11], "texture": "#0"},
				"west": {"uv": [0, 0, 0.2, 0.2], "texture": "#0"},
				"up": {"uv": [0, 0, 0.2, 0.2], "texture": "#0"},
				"down": {"uv": [4, 10, 5, 11], "texture": "#0"}
			}
		},
		{
			"from": [8.6, 9.35, 8.4],
			"to": [8.8, 9.55, 8.6],
			"rotation": {"angle": 0, "axis": "y", "origin": [8.1, 15.95, 8.1]},
			"faces": {
				"north": {"uv": [0, 0, 0.2, 0.2], "texture": "#0"},
				"east": {"uv": [5, 5, 6, 6], "texture": "#0"},
				"south": {"uv": [11, 5, 12, 6], "texture": "#0"},
				"west": {"uv": [0, 0, 0.2, 0.2], "texture": "#0"},
				"up": {"uv": [4, 5, 5, 6], "texture": "#0"},
				"down": {"uv": [0, 0, 0.2, 0.2], "texture": "#0"}
			}
		},
		{
			"from": [7.2, 8.35, 7.4],
			"to": [7.4, 8.55, 7.6],
			"rotation": {"angle": 0, "axis": "y", "origin": [8.1, 15.95, 8.1]},
			"faces": {
				"north": {"uv": [11, 10, 12, 11], "texture": "#0"},
				"east": {"uv": [0, 0, 0.2, 0.2], "texture": "#0"},
				"south": {"uv": [0, 0, 0.2, 0.2], "texture": "#0"},
				"west": {"uv": [5, 10, 6, 11], "texture": "#0"},
				"up": {"uv": [0, 0, 0.2, 0.2], "texture": "#0"},
				"down": {"uv": [11, 5, 12, 6], "texture": "#0"}
			}
		},
		{
			"from": [7.2, 9.35, 7.4],
			"to": [7.4, 9.55, 7.6],
			"rotation": {"angle": 0, "axis": "y", "origin": [8.1, 15.95, 8.1]},
			"faces": {
				"north": {"uv": [11, 5, 12, 6], "texture": "#0"},
				"east": {"uv": [0, 0, 0.2, 0.2], "texture": "#0"},
				"south": {"uv": [0, 0, 0.2, 0.2], "texture": "#0"},
				"west": {"uv": [5, 5, 6, 6], "texture": "#0"},
				"up": {"uv": [11, 10, 12, 11], "texture": "#0"},
				"down": {"uv": [0, 0, 0.2, 0.2], "texture": "#0"}
			}
		},
		{
			"from": [8.6, 8.35, 7.4],
			"to": [8.8, 8.55, 7.6],
			"rotation": {"angle": 0, "axis": "y", "origin": [8.1, 15.95, 8.1]},
			"faces": {
				"north": {"uv": [4, 10, 5, 11], "texture": "#0"},
				"east": {"uv": [10, 10, 11, 11], "texture": "#0"},
				"south": {"uv": [0, 0, 0.2, 0.2], "texture": "#0"},
				"west": {"uv": [0, 0, 0.2, 0.2], "texture": "#0"},
				"up": {"uv": [0, 0, 0.2, 0.2], "texture": "#0"},
				"down": {"uv": [4, 5, 5, 6], "texture": "#0"}
			}
		},
		{
			"from": [8.6, 9.35, 7.4],
			"to": [8.8, 9.55, 7.6],
			"rotation": {"angle": 0, "axis": "y", "origin": [8.1, 15.95, 8.1]},
			"faces": {
				"north": {"uv": [4, 5, 5, 6], "texture": "#0"},
				"east": {"uv": [10, 5, 11, 6], "texture": "#0"},
				"south": {"uv": [0, 0, 0.2, 0.2], "texture": "#0"},
				"west": {"uv": [0, 0, 0.2, 0.2], "texture": "#0"},
				"up": {"uv": [4, 10, 5, 11], "texture": "#0"},
				"down": {"uv": [0, 0, 0.2, 0.2], "texture": "#0"}
			}
		},
		{
			"from": [8.4, 8.15, 8.4],
			"to": [8.6, 8.35, 8.6],
			"rotation": {"angle": 0, "axis": "y", "origin": [8.1, 15.95, 8.1]},
			"faces": {
				"north": {"uv": [0, 0, 0.2, 0.2], "texture": "#0"},
				"east": {"uv": [5, 11, 6, 12], "texture": "#0"},
				"south": {"uv": [10, 11, 11, 12], "texture": "#0"},
				"west": {"uv": [0, 0, 0.2, 0.2], "texture": "#0"},
				"up": {"uv": [0, 0, 0.2, 0.2], "texture": "#0"},
				"down": {"uv": [5, 10, 6, 11], "texture": "#0"}
			}
		},
		{
			"from": [8.4, 9.55, 8.4],
			"to": [8.6, 9.75, 8.6],
			"rotation": {"angle": 0, "axis": "y", "origin": [8.1, 15.95, 8.1]},
			"faces": {
				"north": {"uv": [0, 0, 0.2, 0.2], "texture": "#0"},
				"east": {"uv": [5, 4, 6, 5], "texture": "#0"},
				"south": {"uv": [10, 4, 11, 5], "texture": "#0"},
				"west": {"uv": [0, 0, 0.2, 0.2], "texture": "#0"},
				"up": {"uv": [5, 5, 6, 6], "texture": "#0"},
				"down": {"uv": [0, 0, 0.2, 0.2], "texture": "#0"}
			}
		},
		{
			"from": [8.4, 9.55, 7.4],
			"to": [8.6, 9.75, 7.6],
			"rotation": {"angle": 0, "axis": "y", "origin": [8.1, 15.95, 8.1]},
			"faces": {
				"north": {"uv": [5, 4, 6, 5], "texture": "#0"},
				"east": {"uv": [10, 4, 11, 5], "texture": "#0"},
				"south": {"uv": [0, 0, 0.2, 0.2], "texture": "#0"},
				"west": {"uv": [0, 0, 0.2, 0.2], "texture": "#0"},
				"up": {"uv": [6, 10, 7, 11], "texture": "#0"},
				"down": {"uv": [0, 0, 0.2, 0.2], "texture": "#0"}
			}
		},
		{
			"from": [8.4, 8.15, 7.4],
			"to": [8.6, 8.35, 7.6],
			"rotation": {"angle": 0, "axis": "y", "origin": [8.1, 15.95, 8.1]},
			"faces": {
				"north": {"uv": [5, 11, 6, 12], "texture": "#0"},
				"east": {"uv": [10, 11, 11, 12], "texture": "#0"},
				"south": {"uv": [0, 0, 0.2, 0.2], "texture": "#0"},
				"west": {"uv": [0, 0, 0.2, 0.2], "texture": "#0"},
				"up": {"uv": [0, 0, 0.2, 0.2], "texture": "#0"},
				"down": {"uv": [5, 5, 6, 6], "texture": "#0"}
			}
		},
		{
			"from": [7.4, 8.15, 7.4],
			"to": [7.6, 8.35, 7.6],
			"rotation": {"angle": 0, "axis": "y", "origin": [8.1, 15.95, 8.1]},
			"faces": {
				"north": {"uv": [10, 11, 11, 12], "texture": "#0"},
				"east": {"uv": [0, 0, 0.2, 0.2], "texture": "#0"},
				"south": {"uv": [0, 0, 0.2, 0.2], "texture": "#0"},
				"west": {"uv": [5, 11, 6, 12], "texture": "#0"},
				"up": {"uv": [0, 0, 0.2, 0.2], "texture": "#0"},
				"down": {"uv": [10, 5, 11, 6], "texture": "#0"}
			}
		},
		{
			"from": [7.4, 9.55, 7.4],
			"to": [7.6, 9.75, 7.6],
			"rotation": {"angle": 0, "axis": "y", "origin": [8.1, 15.95, 8.1]},
			"faces": {
				"north": {"uv": [10, 4, 11, 5], "texture": "#0"},
				"east": {"uv": [0, 0, 0.2, 0.2], "texture": "#0"},
				"south": {"uv": [0, 0, 0.2, 0.2], "texture": "#0"},
				"west": {"uv": [5, 4, 6, 5], "texture": "#0"},
				"up": {"uv": [10, 10, 11, 11], "texture": "#0"},
				"down": {"uv": [0, 0, 0.2, 0.2], "texture": "#0"}
			}
		},
		{
			"from": [7.6, 7.95, 7.4],
			"to": [8.4, 8.15, 7.6],
			"rotation": {"angle": 0, "axis": "y", "origin": [8.1, 15.95, 8.1]},
			"faces": {
				"north": {"uv": [6, 12, 10, 13], "texture": "#0"},
				"east": {"uv": [10, 12, 11, 13], "texture": "#0"},
				"south": {"uv": [0, 0, 0.8, 0.2], "texture": "#0"},
				"west": {"uv": [5, 12, 6, 13], "texture": "#0"},
				"up": {"uv": [0, 0, 0.8, 0.2], "texture": "#0"},
				"down": {"uv": [6, 5, 10, 6], "texture": "#0"}
			}
		},
		{
			"from": [7.6, 9.75, 7.4],
			"to": [8.4, 9.95, 7.6],
			"rotation": {"angle": 0, "axis": "y", "origin": [8.1, 15.95, 8.1]},
			"faces": {
				"north": {"uv": [6, 3, 10, 4], "texture": "#0"},
				"east": {"uv": [10, 3, 11, 4], "texture": "#0"},
				"south": {"uv": [0, 0, 0.8, 0.2], "texture": "#0"},
				"west": {"uv": [5, 3, 6, 4], "texture": "#0"},
				"up": {"uv": [6, 10, 10, 11], "texture": "#0"},
				"down": {"uv": [0, 0, 0.8, 0.2], "texture": "#0"}
			}
		},
		{
			"from": [7.6, 8.15, 7.2],
			"to": [8.4, 8.35, 7.4],
			"rotation": {"angle": 0, "axis": "y", "origin": [8.1, 15.95, 8.1]},
			"faces": {
				"north": {"uv": [6, 11, 10, 12], "texture": "#0"},
				"east": {"uv": [11, 11, 12, 12], "texture": "#0"},
				"south": {"uv": [0, 0, 0.8, 0.2], "texture": "#0"},
				"west": {"uv": [4, 11, 5, 12], "texture": "#0"},
				"up": {"uv": [0, 0, 0.8, 0.2], "texture": "#0"},
				"down": {"uv": [6, 4, 10, 5], "texture": "#0"}
			}
		},
		{
			"from": [7.6, 9.55, 7.2],
			"to": [8.4, 9.75, 7.4],
			"rotation": {"angle": 0, "axis": "y", "origin": [8.1, 15.95, 8.1]},
			"faces": {
				"north": {"uv": [6, 5, 10, 6], "texture": "#0"},
				"east": {"uv": [11, 4, 12, 5], "texture": "#0"},
				"south": {"uv": [0, 0, 0.8, 0.2], "texture": "#0"},
				"west": {"uv": [4, 4, 5, 5], "texture": "#0"},
				"up": {"uv": [6, 11, 10, 12], "texture": "#0"},
				"down": {"uv": [0, 0, 0.8, 0.2], "texture": "#0"}
			}
		},
		{
			"from": [7.4, 7.95, 7.6],
			"to": [7.6, 8.15, 8.4],
			"rotation": {"angle": 0, "axis": "y", "origin": [8.1, 15.95, 8.1]},
			"faces": {
				"north": {"uv": [10, 12, 11, 13], "texture": "#0"},
				"east": {"uv": [0, 0, 0.8, 0.2], "texture": "#0"},
				"south": {"uv": [5, 12, 6, 13], "texture": "#0"},
				"west": {"uv": [6, 12, 10, 13], "texture": "#0"},
				"up": {"uv": [0, 0, 0.2, 0.8], "texture": "#0"},
				"down": {"uv": [10, 6, 11, 10], "texture": "#0"}
			}
		},
		{
			"from": [7.4, 9.75, 7.6],
			"to": [7.6, 9.95, 8.4],
			"rotation": {"angle": 0, "axis": "y", "origin": [8.1, 15.95, 8.1]},
			"faces": {
				"north": {"uv": [10, 3, 11, 4], "texture": "#0"},
				"east": {"uv": [0, 0, 0.8, 0.2], "texture": "#0"},
				"south": {"uv": [5, 3, 6, 4], "texture": "#0"},
				"west": {"uv": [6, 3, 10, 4], "texture": "#0"},
				"up": {"uv": [10, 6, 11, 10], "texture": "#0"},
				"down": {"uv": [0, 0, 0.2, 0.8], "texture": "#0"}
			}
		},
		{
			"from": [7.2, 9.55, 7.6],
			"to": [7.4, 9.75, 8.4],
			"rotation": {"angle": 0, "axis": "y", "origin": [8.1, 15.95, 8.1]},
			"faces": {
				"north": {"uv": [11, 4, 12, 5], "texture": "#0"},
				"east": {"uv": [0, 0, 0.8, 0.2], "texture": "#0"},
				"south": {"uv": [4, 4, 5, 5], "texture": "#0"},
				"west": {"uv": [6, 4, 10, 5], "texture": "#0"},
				"up": {"uv": [11, 6, 12, 10], "texture": "#0"},
				"down": {"uv": [0, 0, 0.2, 0.8], "texture": "#0"}
			}
		},
		{
			"from": [8.4, 7.95, 7.6],
			"to": [8.6, 8.15, 8.4],
			"rotation": {"angle": 0, "axis": "y", "origin": [8.1, 15.95, 8.1]},
			"faces": {
				"north": {"uv": [5, 12, 6, 13], "texture": "#0"},
				"east": {"uv": [6, 12, 10, 13], "texture": "#0"},
				"south": {"uv": [10, 12, 11, 13], "texture": "#0"},
				"west": {"uv": [0, 0, 0.8, 0.2], "texture": "#0"},
				"up": {"uv": [0, 0, 0.2, 0.8], "texture": "#0"},
				"down": {"uv": [5, 6, 6, 10], "texture": "#0"}
			}
		},
		{
			"from": [8.4, 9.75, 7.6],
			"to": [8.6, 9.95, 8.4],
			"rotation": {"angle": 0, "axis": "y", "origin": [8.1, 15.95, 8.1]},
			"faces": {
				"north": {"uv": [5, 3, 6, 4], "texture": "#0"},
				"east": {"uv": [6, 3, 10, 4], "texture": "#0"},
				"south": {"uv": [10, 3, 11, 4], "texture": "#0"},
				"west": {"uv": [0, 0, 0.8, 0.2], "texture": "#0"},
				"up": {"uv": [5, 6, 6, 10], "texture": "#0"},
				"down": {"uv": [0, 0, 0.2, 0.8], "texture": "#0"}
			}
		},
		{
			"from": [8.6, 8.15, 7.6],
			"to": [8.8, 8.35, 8.4],
			"rotation": {"angle": 0, "axis": "y", "origin": [8.1, 15.95, 8.1]},
			"faces": {
				"north": {"uv": [4, 11, 5, 12], "texture": "#0"},
				"east": {"uv": [6, 11, 10, 12], "texture": "#0"},
				"south": {"uv": [11, 11, 12, 12], "texture": "#0"},
				"west": {"uv": [0, 0, 0.8, 0.2], "texture": "#0"},
				"up": {"uv": [0, 0, 0.2, 0.8], "texture": "#0"},
				"down": {"uv": [4, 6, 5, 10], "texture": "#0"}
			}
		},
		{
			"from": [8.6, 9.55, 7.6],
			"to": [8.8, 9.75, 8.4],
			"rotation": {"angle": 0, "axis": "y", "origin": [8.1, 15.95, 8.1]},
			"faces": {
				"north": {"uv": [4, 4, 5, 5], "texture": "#0"},
				"east": {"uv": [6, 4, 10, 5], "texture": "#0"},
				"south": {"uv": [11, 4, 12, 5], "texture": "#0"},
				"west": {"uv": [0, 0, 0.8, 0.2], "texture": "#0"},
				"up": {"uv": [4, 6, 5, 10], "texture": "#0"},
				"down": {"uv": [0, 0, 0.2, 0.8], "texture": "#0"}
			}
		},
		{
			"from": [8.8, 8.35, 7.6],
			"to": [9, 8.55, 8.4],
			"rotation": {"angle": 0, "axis": "y", "origin": [8.1, 15.95, 8.1]},
			"faces": {
				"north": {"uv": [3, 10, 4, 11], "texture": "#0"},
				"east": {"uv": [6, 10, 10, 11], "texture": "#0"},
				"south": {"uv": [12, 10, 13, 11], "texture": "#0"},
				"west": {"uv": [0, 0, 0.8, 0.2], "texture": "#0"},
				"up": {"uv": [0, 0, 0.2, 0.8], "texture": "#0"},
				"down": {"uv": [3, 6, 4, 10], "texture": "#0"}
			}
		},
		{
			"from": [7, 8.35, 7.6],
			"to": [7.2, 8.55, 8.4],
			"rotation": {"angle": 0, "axis": "y", "origin": [8.1, 15.95, 8.1]},
			"faces": {
				"north": {"uv": [12, 10, 13, 11], "texture": "#0"},
				"east": {"uv": [0, 0, 0.8, 0.2], "texture": "#0"},
				"south": {"uv": [3, 10, 4, 11], "texture": "#0"},
				"west": {"uv": [6, 10, 10, 11], "texture": "#0"},
				"up": {"uv": [0, 0, 0.2, 0.8], "texture": "#0"},
				"down": {"uv": [12, 6, 13, 10], "texture": "#0"}
			}
		},
		{
			"from": [8.8, 9.35, 7.6],
			"to": [9, 9.55, 8.4],
			"rotation": {"angle": 0, "axis": "y", "origin": [8.1, 15.95, 8.1]},
			"faces": {
				"north": {"uv": [3, 5, 4, 6], "texture": "#0"},
				"east": {"uv": [6, 5, 10, 6], "texture": "#0"},
				"south": {"uv": [12, 5, 13, 6], "texture": "#0"},
				"west": {"uv": [0, 0, 0.8, 0.2], "texture": "#0"},
				"up": {"uv": [3, 6, 4, 10], "texture": "#0"},
				"down": {"uv": [0, 0, 0.2, 0.8], "texture": "#0"}
			}
		},
		{
			"from": [7, 9.35, 7.6],
			"to": [7.2, 9.55, 8.4],
			"rotation": {"angle": 0, "axis": "y", "origin": [8.1, 15.95, 8.1]},
			"faces": {
				"north": {"uv": [12, 5, 13, 6], "texture": "#0"},
				"east": {"uv": [0, 0, 0.8, 0.2], "texture": "#0"},
				"south": {"uv": [3, 5, 4, 6], "texture": "#0"},
				"west": {"uv": [6, 5, 10, 6], "texture": "#0"},
				"up": {"uv": [12, 6, 13, 10], "texture": "#0"},
				"down": {"uv": [0, 0, 0.2, 0.8], "texture": "#0"}
			}
		},
		{
			"from": [7.2, 8.15, 7.6],
			"to": [7.4, 8.35, 8.4],
			"rotation": {"angle": 0, "axis": "y", "origin": [8.1, 15.95, 8.1]},
			"faces": {
				"north": {"uv": [11, 11, 12, 12], "texture": "#0"},
				"east": {"uv": [0, 0, 0.8, 0.2], "texture": "#0"},
				"south": {"uv": [4, 11, 5, 12], "texture": "#0"},
				"west": {"uv": [6, 11, 10, 12], "texture": "#0"},
				"up": {"uv": [0, 0, 0.2, 0.8], "texture": "#0"},
				"down": {"uv": [11, 6, 12, 10], "texture": "#0"}
			}
		},
		{
			"from": [7.7, 2.8, 7.7],
			"to": [8.3, 3, 8.3],
			"rotation": {"angle": 0, "axis": "y", "origin": [8, 8.4, 8]},
			"faces": {
				"north": {"uv": [12.5, 9, 14, 9.5], "texture": "#3"},
				"east": {"uv": [12.5, 9, 14, 9.5], "texture": "#3"},
				"south": {"uv": [12.5, 9, 14, 9.5], "texture": "#3"},
				"west": {"uv": [12.5, 9, 14, 9.5], "texture": "#3"},
				"up": {"uv": [12.5, 9, 14, 10.5], "texture": "#3"},
				"down": {"uv": [0, 0, 0.6, 0.6], "texture": "#missing"}
			}
		},
		{
			"from": [7.7, 5, 7.7],
			"to": [8.3, 5.2, 8.3],
			"rotation": {"angle": 0, "axis": "y", "origin": [8, 8.4, 8]},
			"faces": {
				"north": {"uv": [12.5, 9, 14, 9.5], "texture": "#3"},
				"east": {"uv": [12.5, 9, 14, 9.5], "texture": "#3"},
				"south": {"uv": [12.5, 9, 14, 9.5], "texture": "#3"},
				"west": {"uv": [12.5, 9, 14, 9.5], "texture": "#3"},
				"up": {"uv": [0, 0, 0.6, 0.6], "texture": "#missing"},
				"down": {"uv": [12.5, 9, 14, 10.5], "texture": "#3"}
			}
		},
		{
			"from": [7.6, 0.2, 7.6],
			"to": [8.4, 0.4, 8.4],
			"rotation": {"angle": 0, "axis": "y", "origin": [8, 5, 8]},
			"faces": {
				"north": {"uv": [12, 15.5, 14, 16], "texture": "#3"},
				"east": {"uv": [12, 15.5, 14, 16], "texture": "#3"},
				"south": {"uv": [12, 15.5, 14, 16], "texture": "#3"},
				"west": {"uv": [12, 15.5, 14, 16], "texture": "#3"},
				"up": {"uv": [13, 13, 15, 15], "texture": "#3"},
				"down": {"uv": [12, 12, 16, 16], "texture": "#3"}
			}
		},
		{
			"from": [7.6, 2.6, 7.6],
			"to": [8.4, 2.8, 8.4],
			"rotation": {"angle": 0, "axis": "y", "origin": [8, 7.4, 8]},
			"faces": {
				"north": {"uv": [12, 15.5, 14, 16], "texture": "#3"},
				"east": {"uv": [12, 15.5, 14, 16], "texture": "#3"},
				"south": {"uv": [12, 15.5, 14, 16], "texture": "#3"},
				"west": {"uv": [12, 15.5, 14, 16], "texture": "#3"},
				"up": {"uv": [13, 13, 15, 15], "texture": "#3"},
				"down": {"uv": [12, 12, 16, 16], "texture": "#3"}
			}
		},
		{
			"from": [7.6, 5.2, 7.6],
			"to": [8.4, 5.4, 8.4],
			"rotation": {"angle": 0, "axis": "y", "origin": [8, 10, 8]},
			"faces": {
				"north": {"uv": [12, 15.5, 14, 16], "texture": "#3"},
				"east": {"uv": [12, 15.5, 14, 16], "texture": "#3"},
				"south": {"uv": [12, 15.5, 14, 16], "texture": "#3"},
				"west": {"uv": [12, 15.5, 14, 16], "texture": "#3"},
				"up": {"uv": [13, 13, 15, 15], "texture": "#3"},
				"down": {"uv": [12, 12, 16, 16], "texture": "#3"}
			}
		},
		{
			"from": [7.7, 0, 7.7],
			"to": [8.3, 0.2, 8.3],
			"rotation": {"angle": 0, "axis": "y", "origin": [8, 5, 8]},
			"faces": {
				"north": {"uv": [14.5, 15.5, 16, 16], "texture": "#3"},
				"east": {"uv": [14.5, 15.5, 16, 16], "texture": "#3"},
				"south": {"uv": [14.5, 15.5, 16, 16], "texture": "#3"},
				"west": {"uv": [14.5, 15.5, 16, 16], "texture": "#3"},
				"up": {"uv": [0, 0, 0.4, 0.4], "texture": "#missing"},
				"down": {"uv": [13, 13, 14.5, 14.5], "texture": "#3"}
			}
		},
		{
			"from": [7.7, 0.4, 7.7],
			"to": [8.3, 2.8, 8.3],
			"rotation": {"angle": 0, "axis": "y", "origin": [8, 5.2, 8]},
			"faces": {
				"north": {"uv": [0, 0, 1.5, 6], "texture": "#3"},
				"east": {"uv": [0, 0, 1.5, 6], "texture": "#3"},
				"south": {"uv": [0, 0, 1.5, 6], "texture": "#3"},
				"west": {"uv": [0, 0, 1.5, 6], "texture": "#3"},
				"up": {"uv": [0, 0, 0.4, 0.4], "texture": "#missing"},
				"down": {"uv": [0, 0, 0.4, 0.4], "texture": "#missing"}
			}
		},
		{
			"from": [7.7, 5.2, 7.7],
			"to": [8.3, 8, 8.3],
			"rotation": {"angle": 0, "axis": "y", "origin": [8, 5.2, 8]},
			"faces": {
				"north": {"uv": [0, 0, 1.5, 7], "texture": "#3"},
				"east": {"uv": [0, 0, 1.5, 7], "texture": "#3"},
				"south": {"uv": [0, 0, 1.5, 7], "texture": "#3"},
				"west": {"uv": [0, 0, 1.5, 7], "texture": "#3"},
				"up": {"uv": [12.5, 12.5, 15.5, 15.5], "texture": "#3"},
				"down": {"uv": [0, 0, 0.4, 0.4], "texture": "#missing"}
			}
		},
		{
			"from": [9.1, 6.7, 7.8],
			"to": [9.5, 8.5, 8.2],
			"rotation": {"angle": 45, "axis": "z", "origin": [8, 5.2, 8]},
			"faces": {
				"north": {"uv": [0, 0, 1, 4.5], "texture": "#3"},
				"east": {"uv": [0, 0, 1, 4.5], "texture": "#3"},
				"south": {"uv": [0, 0, 1, 4.5], "texture": "#3"},
				"west": {"uv": [0, 0, 1, 4.5], "texture": "#3"},
				"up": {"uv": [0, 0, 1, 1], "texture": "#3"},
				"down": {"uv": [0, 0, 0.4, 0.4], "texture": "#missing"}
			}
		},
		{
			"from": [7.8, 6.7, 6.5],
			"to": [8.2, 8.5, 6.9],
			"rotation": {"angle": 45, "axis": "x", "origin": [8, 5.2, 8]},
			"faces": {
				"north": {"uv": [0, 0, 1, 4.5], "texture": "#3"},
				"east": {"uv": [0, 0, 1, 4.5], "texture": "#3"},
				"south": {"uv": [0, 0, 1, 4.5], "texture": "#3"},
				"west": {"uv": [0, 0, 1, 4.5], "texture": "#3"},
				"up": {"uv": [0, 0, 1, 1], "texture": "#3"},
				"down": {"uv": [0, 0, 0.4, 0.4], "texture": "#missing"}
			}
		},
		{
			"from": [7.8, 6.7, 9.1],
			"to": [8.2, 8.5, 9.5],
			"rotation": {"angle": -45, "axis": "x", "origin": [8, 5.2, 8]},
			"faces": {
				"north": {"uv": [0, 0, 1, 4.5], "texture": "#3"},
				"east": {"uv": [0, 0, 1, 4.5], "texture": "#3"},
				"south": {"uv": [0, 0, 1, 4.5], "texture": "#3"},
				"west": {"uv": [0, 0, 1, 4.5], "texture": "#3"},
				"up": {"uv": [0, 0, 1, 1], "texture": "#3"},
				"down": {"uv": [0, 0, 0.4, 0.4], "texture": "#missing"}
			}
		},
		{
			"from": [6.5, 6.7, 7.8],
			"to": [6.9, 8.5, 8.2],
			"rotation": {"angle": -45, "axis": "z", "origin": [8, 5.2, 8]},
			"faces": {
				"north": {"uv": [0, 0, 1, 4.5], "texture": "#3"},
				"east": {"uv": [0, 0, 1, 4.5], "texture": "#3"},
				"south": {"uv": [0, 0, 1, 4.5], "texture": "#3"},
				"west": {"uv": [0, 0, 1, 4.5], "texture": "#3"},
				"up": {"uv": [0, 0, 1, 1], "texture": "#3"},
				"down": {"uv": [0, 0, 0.4, 0.4], "texture": "#missing"}
			}
		},
		{
			"from": [7.8, 3, 7.8],
			"to": [8.2, 5, 8.2],
			"rotation": {"angle": 0, "axis": "y", "origin": [7.975, 5.6, 8.1]},
			"faces": {
				"north": {"uv": [1.5, 11, 2.5, 16], "texture": "#3"},
				"east": {"uv": [1.5, 11, 2.5, 16], "texture": "#3"},
				"south": {"uv": [1.5, 11, 2.5, 16], "texture": "#3"},
				"west": {"uv": [1.5, 11, 2.5, 16], "texture": "#3"},
				"up": {"uv": [0, 0, 0.4, 0.4], "texture": "#missing"},
				"down": {"uv": [0, 0, 0.4, 0.4], "texture": "#missing"}
			}
		},
		{
			"from": [7.6, 8.6, 7.6],
			"to": [8.4, 9.4, 8.4],
			"faces": {
				"north": {"uv": [0, 0, 16, 16], "texture": "#2"},
				"east": {"uv": [0, 0, 16, 16], "texture": "#2"},
				"south": {"uv": [0, 0, 16, 16], "texture": "#2"},
				"west": {"uv": [0, 0, 16, 16], "texture": "#2"},
				"up": {"uv": [0, 0, 0.8, 0.8], "texture": "#2"},
				"down": {"uv": [0, 0, 0.8, 0.8], "texture": "#2"}
			}
		}
	],
	"display": {
		"thirdperson_righthand": {
			"translation": [0, 7, 1],
			"scale": [2.25, 2.25, 2.25]
		},
		"thirdperson_lefthand": {
			"translation": [0, 11.25, 1],
			"scale": [3, 3, 3]
		},
		"firstperson_righthand": {
			"rotation": [-14, 180, 0],
			"translation": [2, 5, 0],
			"scale": [1.75, 1.75, 1.75]
		},
		"firstperson_lefthand": {
			"rotation": [-14, 180, 0],
			"translation": [2, 6.5, 0],
			"scale": [2, 2, 2]
		},
		"ground": {
			"translation": [0, 4, 0]
		},
		"gui": {
			"rotation": [0, -24, -48],
			"translation": [4, 4, 0],
			"scale": [2, 2, 2]
		},
		"fixed": {
			"translation": [0, 7, 0],
			"scale": [2, 2, 2]
		}
	},
	"groups": [
		{
			"name": "wand",
			"origin": [8, 8, 8],
			"children": [
				{
					"name": "sphere",
					"origin": [8, 8, 8],
					"children": [0, 1, 2, 3, 4, 5, 6, 7, 8, 9, 10, 11, 12, 13, 14, 15, 16, 17, 18, 19, 20, 21, 22, 23, 24, 25, 26, 27, 28, 29, 30, 31, 32, 33, 34, 35, 36, 37, 38, 39, 40, 41, 42, 43, 44, 45, 46, 47, 48, 49, 50, 51, 52, 53, 54, 55, 56, 57, 58, 59, 60, 61, 62, 63, 64, 65, 66, 67]
				},
				{
					"name": "staff",
					"origin": [8, 8, 8],
					"children": [68, 69, 70, 71, 72, 73, 74, 75, 76, 77, 78]
				}, 79]
		}
	]
}