{
	"credit": "Made with Blockbench",
	"parent": "item/villager_parent/villager",
	"textures": {
		"0": "sorcery/sorcerers_hat",
		"villager": "sorcery/dark_mage",
		"particle": "sorcery/sorcerers_hat"
	},
	"elements": [
		{
			"name": "Villager_Robe",
			"from": [5.95, 1.9, 6.35],
			"to": [10.15, 11.5, 9.55],
			"rotation": {"angle": 0, "axis": "y", "origin": [10.05, 8, 9.45]},
			"faces": {
				"north": {"uv": [1.5, 11, 3.5, 16], "texture": "#villager"},
				"east": {"uv": [0, 11, 1.5, 16], "texture": "#villager"},
				"south": {"uv": [5, 11, 7, 16], "texture": "#villager"},
				"west": {"uv": [3.5, 11, 5, 16], "texture": "#villager"},
				"up": {"uv": [1.5, 9.5, 3.5, 11], "texture": "#villager"},
				"down": {"uv": [3.5, 9.5, 5.5, 11], "texture": "#villager"}
			}
		},
		{
			"name": "Villager_LeftLeg",
			"from": [6.25, 0, 6.95],
			"to": [8, 6, 8.95],
			"rotation": {"angle": 0, "axis": "y", "origin": [8, 9, 8.95]},
			"faces": {
				"north": {"uv": [1, 6.5, 2, 9.5], "texture": "#villager"},
				"east": {"uv": [0, 6.5, 1, 9.5], "texture": "#villager"},
				"south": {"uv": [3, 6.5, 4, 9.5], "texture": "#villager"},
				"west": {"uv": [2, 6.5, 3, 9.5], "texture": "#villager"},
				"up": {"uv": [1, 5.5, 2, 6.5], "texture": "#villager"},
				"down": {"uv": [2, 5.5, 3, 6.5], "texture": "#villager"}
			}
		},
		{
			"name": "Villager_RightLeg",
			"from": [8, 0, 6.95],
			"to": [9.75, 6, 8.95],
			"rotation": {"angle": 0, "axis": "y", "origin": [8, 9, 8.95]},
			"faces": {
				"north": {"uv": [1, 6.5, 2, 9.5], "texture": "#villager"},
				"east": {"uv": [0, 6.5, 1, 9.5], "texture": "#villager"},
				"south": {"uv": [3, 6.5, 4, 9.5], "texture": "#villager"},
				"west": {"uv": [2, 6.5, 3, 9.5], "texture": "#villager"},
				"up": {"uv": [1, 5.5, 2, 6.5], "texture": "#villager"},
				"down": {"uv": [2, 5.5, 3, 6.5], "texture": "#villager"}
			}
		},
		{
			"name": "Villager_LeftArm",
			"from": [4.05, 8, 11],
			"to": [6.05, 10, 15],
			"rotation": {"angle": -45, "axis": "x", "origin": [12.05, 2, 10]},
			"faces": {
				"north": {"uv": [14, 5.5, 13, 6.5], "texture": "#villager"},
				"east": {"uv": [14, 6.5, 13, 8.5], "rotation": 270, "texture": "#villager"},
				"south": {"uv": [13, 5.5, 12, 6.5], "texture": "#villager"},
				"west": {"uv": [12, 6.5, 11, 8.5], "rotation": 90, "texture": "#villager"},
				"up": {"uv": [13, 6.5, 12, 8.5], "rotation": 180, "texture": "#villager"},
				"down": {"uv": [15, 6.5, 14, 8.5], "texture": "#villager"}
			}
		},
		{
			"name": "Villager_RightArm",
			"from": [10.05, 8, 11],
			"to": [12.05, 10, 15],
			"rotation": {"angle": -45, "axis": "x", "origin": [6.05, 2, 10]},
			"faces": {
				"north": {"uv": [13, 5.5, 14, 6.5], "texture": "#villager"},
				"east": {"uv": [11, 6.75, 12, 8.5], "rotation": 270, "texture": "#villager"},
				"south": {"uv": [12, 5.5, 13, 6.5], "texture": "#villager"},
				"west": {"uv": [13, 6.5, 14, 8.5], "rotation": 90, "texture": "#villager"},
				"up": {"uv": [12, 6.5, 13, 8.5], "rotation": 180, "texture": "#villager"},
				"down": {"uv": [14, 6.5, 15, 8.5], "texture": "#villager"}
			}
		},
		{
			"name": "Villager_Arms",
			"from": [6.05, 8, 11],
			"to": [10.05, 10, 13],
			"rotation": {"angle": -45, "axis": "x", "origin": [10.05, 2, 10]},
			"faces": {
				"north": {"uv": [14, 10.5, 16, 11.5], "texture": "#villager"},
				"east": {"uv": [10, 10.5, 11, 11.5], "texture": "#villager"},
				"south": {"uv": [11, 10.5, 13, 11.5], "rotation": 180, "texture": "#villager"},
				"west": {"uv": [13, 10.5, 14, 11.5], "texture": "#villager"},
				"up": {"uv": [11, 9.5, 13, 10.5], "rotation": 180, "texture": "#villager"},
				"down": {"uv": [13, 9.5, 15, 10.5], "texture": "#villager"}
			}
		},
		{
			"name": "Villager_Head",
			"from": [6.05, 11.4, 6],
			"to": [10.05, 16.4, 10],
			"rotation": {"angle": 0, "axis": "y", "origin": [10.05, -1.6, 10]},
			"faces": {
				"north": {"uv": [2, 2, 4, 4.5], "texture": "#villager"},
				"east": {"uv": [0, 2, 2, 4.5], "texture": "#villager"},
				"south": {"uv": [6, 2, 8, 4.5], "texture": "#villager"},
				"west": {"uv": [4, 2, 6, 4.5], "texture": "#villager"},
				"up": {"uv": [2, 0, 4, 2], "rotation": 180, "texture": "#villager"},
				"down": {"uv": [4, 0, 6, 2], "texture": "#villager"}
			}
		},
		{
			"name": "Villager_Nose",
			"from": [7.55, 10.9, 5],
			"to": [8.55, 12.9, 6],
			"rotation": {"angle": 0, "axis": "y", "origin": [8.55, -1.1, 11]},
			"faces": {
				"north": {"uv": [6.5, 0.5, 7, 1.5], "texture": "#villager"},
				"east": {"uv": [6, 0.5, 6.5, 1.5], "texture": "#villager"},
				"south": {"uv": [7.5, 0.5, 8, 1.5], "texture": "#villager"},
				"west": {"uv": [7, 0.5, 7.5, 1.5], "texture": "#villager"},
				"up": {"uv": [6.5, 0, 7, 0.5], "texture": "#villager"},
				"down": {"uv": [7, 0, 7.5, 0.5], "texture": "#villager"}
			}
		},
		{
			"name": "Villager_Body",
			"from": [6.05, 5.9, 6.45],
			"to": [10.05, 11.4, 9.45],
			"rotation": {"angle": 0, "axis": "y", "origin": [10.05, 3.9, 9.45]},
			"faces": {
				"north": {"uv": [5.5, 6.5, 7.5, 9.5], "texture": "#villager"},
				"east": {"uv": [4, 6.5, 5.5, 9.5], "texture": "#villager"},
				"south": {"uv": [9, 6.5, 11, 9.5], "texture": "#villager"},
				"west": {"uv": [7.5, 6.5, 9, 9.5], "texture": "#villager"},
				"up": {"uv": [5.5, 5, 7.5, 6.5], "texture": "#villager"},
				"down": {"uv": [7.5, 5, 9.5, 6.5], "texture": "#villager"}
			}
		},
		{
			"from": [5.6, 15.5, 5.5],
			"to": [10.6, 16.5, 10.5],
			"rotation": {"angle": 0, "axis": "y", "origin": [8.6, 22.5, 8.5]},
			"faces": {
				"north": {"uv": [2.5, 2.5, 5, 3], "texture": "#0"},
				"east": {"uv": [2.5, 2.5, 5, 3], "texture": "#0"},
				"south": {"uv": [2.5, 2.5, 5, 3], "texture": "#0"},
				"west": {"uv": [2.5, 2.5, 5, 3], "texture": "#0"},
				"up": {"uv": [2.5, 0, 5, 2.5], "texture": "#0"},
				"down": {"uv": [5, 0, 7.5, 2.5], "texture": "#0"}
			}
		},
		{
			"from": [6.35, 16.5, 6.25],
			"to": [9.85, 18.5, 9.75],
			"rotation": {"angle": 0, "axis": "y", "origin": [10.85, 24.5, 10.75]},
			"faces": {
				"north": {"uv": [1.75, 4.75, 3.5, 5.75], "texture": "#0"},
				"east": {"uv": [0, 4.75, 1.75, 5.75], "texture": "#0"},
				"south": {"uv": [5.25, 4.75, 7, 5.75], "texture": "#0"},
				"west": {"uv": [3.5, 4.75, 5.25, 5.75], "texture": "#0"},
				"up": {"uv": [1.75, 3, 3.5, 4.75], "texture": "#0"},
				"down": {"uv": [0, 0, 7, 7], "texture": "#0"}
			}
		},
		{
			"from": [7.1, 18.5, 7],
			"to": [9.1, 20.5, 9],
			"rotation": {"angle": 0, "axis": "y", "origin": [15.1, 26.5, 15]},
			"faces": {
				"north": {"uv": [1, 6.75, 2, 7.75], "texture": "#0"},
				"east": {"uv": [1, 6.75, 2, 7.75], "texture": "#0"},
				"south": {"uv": [1, 6.75, 2, 7.75], "texture": "#0"},
				"west": {"uv": [1, 6.75, 2, 7.75], "texture": "#0"},
				"up": {"uv": [1, 5.75, 2, 6.75], "texture": "#0"},
				"down": {"uv": [0, 0, 4, 4], "texture": "#missing"}
			}
		},
		{
			"from": [4.2, 22.6, 7.65],
			"to": [4.9, 24, 8.35],
			"rotation": {"angle": 22.5, "axis": "z", "origin": [12.2, 30.6, 15.85]},
			"faces": {
				"north": {"uv": [0.25, 8, 0.5, 8.5], "texture": "#0"},
				"east": {"uv": [0.25, 8, 0.5, 8.5], "texture": "#0"},
				"south": {"uv": [0.25, 8, 0.5, 8.5], "texture": "#0"},
				"west": {"uv": [0.25, 8, 0.5, 8.5], "texture": "#0"},
				"up": {"uv": [0.25, 7.75, 0.5, 8], "texture": "#0"},
				"down": {"uv": [0, 0, 1, 1], "texture": "#missing"}
			}
		}
	],
	"display": {
		"thirdperson_righthand": {
			"translation": [0, 3.75, 0],
			"scale": [0.5, 0.5, 0.5]
		},
		"thirdperson_lefthand": {
			"translation": [0, 3.75, 0],
			"scale": [0.5, 0.5, 0.5]
		},
		"firstperson_righthand": {
			"rotation": [0, 125, 0],
			"translation": [1.75, 5, 0.5],
			"scale": [0.6, 0.6, 0.6]
		},
		"ground": {
			"scale": [0.6, 0.6, 0.6]
		},
		"gui": {
			"rotation": [22.5, 125, 0],
			"translation": [0, 3.25, 0]
		},
		"head": {
			"translation": [0, -19.25, 0],
			"scale": [3.2, 3.2, 3.2]
		},
		"fixed": {
			"translation": [0, 3, 0]
		}
	},
	"groups": [
		{
			"name": "Villager",
			"origin": [8, 8, 8],
			"children": [0, 1, 2, 3, 4, 5, 6, 7, 8]
		},
		{
			"name": "witches_hat",
			"origin": [8, 8, 8],
			"children": [9, 10, 11, 12]
		}
	]
}